name,adjoe,adjde,barthag,record,,,,,,,,,,,,,,,,,,,,,,,,,,,,,,,,
"UC Santa Barbara",101.15771410503,115.7622672973,0.17496134132787,3–7,3,10,49.9,53.4,40.1,30.7,17.8,15,23,30.1,67.8,51.2,53.5,31.5,35.4,7.8,6.9,48.3,43.5,32.9,33.2,67,,,,2024,,,,-5.4,75.6,71.6
"Arkansas Pine Bluff",97.175021587776,115.34599370787,0.12224295253312,3–7,3,10,52.2,47.5,33,30.6,19.2,12.9,24,30.3,72,50.2,51.2,36.1,27.6,5.6,10.8,54.9,50.2,51.3,37.2,71.4,,,,2024,,,,-6.5,74.6,72.5
"Portland St.",98.021179289157,104.15635824347,0.33222010410121,3–7,3,10,45.7,53.8,38.4,43.2,16.7,19.8,32.3,25,71.5,45.8,56,30.4,33.9,6.8,8.9,39.3,58.5,34.8,43.8,72.3,,,,2024,,,,-5.8,68.2,70.3
Indiana,109.60570446809,99.03324106383,0.76250986855516,5–5,5,10,51.8,49.3,29.6,30.6,18.2,13.5,24.4,28.7,68.8,54.1,47,30.6,34.9,12.2,5.7,62.3,54.3,27.8,42.2,69.2,,,,2024,,,,0.1,65.9,76.5
"North Carolina St.",121.3167,101.38409,0.88736616199663,7–3,7,10,53,50.1,37.5,22.6,13.7,14.1,29.1,29.9,66.5,52,51,36.9,32.4,12,7,49.1,53.1,30.6,39.3,66.7,,,,2024,,,,2.2,75.5,76.8
"Central Michigan",93.549370874705,103.47623508274,0.2387026416611,5–5,5,10,44.1,43,27.4,28.1,15.6,14.4,29.3,33.3,64.1,45.8,39.1,27.6,32.5,12.6,12.2,45.9,51.5,39.9,40,64.3,,,,2024,,,,-3.9,62.2,73.7
Brown,108.37435574468,102.08277978723,0.6654741319021,7–3,7,10,54,51.4,28.4,29.5,19.5,17.9,33.4,28,66.7,50.3,54.6,39.3,31.3,10.9,7.9,60,56.2,43.3,41.5,67.7,,,,2024,,,,-0.6,68.5,70.8
"Wright St.",114.27648270973,112.27760615655,0.55055991448395,6–4,6,10,58,55,36.3,27.1,17,17.3,30.2,25.2,72.9,59,54.6,37.3,37.1,6.4,6.3,53.3,41.9,32.9,37.8,72.6,,,,2024,,,,-2.9,73.4,73.5
"UC Irvine",112.66097139294,106.28476715357,0.66150370422759,6–4,6,10,51.5,49.9,38.5,38.2,14.5,15.9,33.2,25.9,70.7,52.9,47.4,32,37.1,5.8,9,50.3,49.4,27.5,30.2,70.1,,,,2024,,,,-2.3,75.1,72.4
Furman,109.78701500751,107.61423417669,0.55721759392983,5–5,5,10,51.3,52.5,32.5,31.7,14.6,15.5,27.8,25.7,67.7,55.4,52.6,31.5,34.8,7.6,12.5,54.7,46.7,50.2,34.6,66.8,,,,2024,,,,-3,74.1,68.5
UAB,117.81452,109.34091,0.70232007886781,6–4,6,10,52.5,52,40,33.2,15.6,16,35.3,31.8,68.7,50.9,50,37.2,37,10.6,9.5,55.8,51.1,32.4,36.7,68,,,,2024,,,,-1.3,72.9,72.2
Tulane,107.59993491228,108.49092908028,0.47630899743389,2–8,2,10,51.4,52.4,44.7,36,17.9,14.9,24.4,30.6,71.8,50.8,49.5,35.1,38,11.4,11.1,52.2,65,34,39.3,73,,,,2024,,,,-5,72.9,72.8
FIU,101.22488017325,110.08270815119,0.27593715111263,3–7,3,10,50.2,52.6,28.5,34.2,17.1,21.5,24.5,38.1,70.3,51.2,48.7,32.5,41.7,13.6,8.1,46.3,48.2,42,28.6,70.8,,,,2024,,,,-5.2,66.3,65.2
BYU,118.87816,104.96605,0.80710606193805,5–5,5,10,51.3,51.4,28.1,37.3,14.5,14.4,31.7,26.4,68.9,55.2,48.6,31.6,38.2,8.5,8.8,61.2,46.8,50.6,31.8,69,,,,2024,,,,-0.2,75.9,70.6
"Illinois Chicago",101.70584054532,102.72506631331,0.47136351231776,4–6,4,10,48.7,51.4,28.9,34.3,16,17.7,21.6,29,68.8,44.7,48.8,36.8,37.3,11.9,10.4,50.2,62,38.5,36.2,69,,,,2024,,,,-2.9,73.3,75
Xavier,110.35273534976,104.12151294043,0.66114884596618,3–7,3,10,49,54.5,31.6,27.5,16.4,15.7,29.1,28,72.4,48.7,55.5,33.2,35.1,5.5,11.8,55.3,56.7,30.2,35.7,72.3,,,,2024,,,,-2.1,75.5,71.9
Charlotte,109.45997610314,105.6397086975,0.6007361470455,5–5,5,10,51.2,50.9,39.8,34,15.8,13.9,23.3,29.8,63.5,53.5,51.4,31.9,33.3,7.7,9.2,52.4,47.4,40.9,36.7,63,,,,2024,,,,-2.8,75,64.6
Canisius,99.806386170213,105.74834680851,0.33960719882533,6–4,6,10,49.7,50.3,19.9,26.8,18.7,16,33.1,25.2,64.9,50.7,48,32.1,37.2,10.1,5,47.1,48.6,35.3,29.3,64.6,,,,2024,,,,-3.1,56.8,72.7
"Wake Forest",121.02488,104.72099,0.84077563639076,5–5,5,10,55.1,52.7,34.3,30.7,14.6,16.4,26,26.3,66.3,56.3,51.8,35.2,35.8,12.2,7,44.4,46.8,35.9,45.6,67.4,,,,2024,,,,-1.3,78.4,82.5
"Florida Atlantic",116.06458484848,104.47279,0.77030455704198,6–4,6,10,53.6,49.9,40.2,31.4,17.2,13.2,30.8,27.9,69.4,58,48.7,31.1,34.6,10.3,7.1,50,37.5,39,36.9,69.9,,,,2024,,,,-0.8,72.4,74.2
Northeastern,102.02576303101,104.34205396247,0.43581486749922,4–6,4,10,50.9,51.3,21,27.2,16.9,17.4,26.3,27.7,66.2,51.1,49.6,33.6,36,12.5,4.6,57.6,54.4,39.7,39.5,66.4,,,,2024,,,,-4.3,72.7,74.2
"Robert Morris",96.12551999992,112.80870482891,0.13699870778154,2–8,2,10,48.4,49.8,23.1,36.7,19.4,11.2,30.3,29.2,67.1,46.8,50.6,33.5,32.1,8.9,7,56.3,48.1,47,34.7,66.2,,,,2024,,,,-6.5,72.3,74.2
Seattle,103.35552158024,99.317662903004,0.61260837552743,6–4,6,10,52.7,46.1,28.6,29.2,18.4,17.2,27.6,22.7,67.8,52.2,47.1,35.7,29.2,6.8,8.1,51.4,51.1,39,31.7,67,,,,2024,,,,-2.5,74.7,73.2
Villanova,106.93407213686,93.78384049821,0.81891729121262,5–5,5,10,51.5,48,22.7,21.8,14.8,14.8,17.7,22.1,62.6,50.6,45.1,34.9,33.8,10.2,13,57.8,61.6,50,52.4,63.3,,,,2024,,,,-0.8,77.9,79.5
Howard,104.53519,115.89059,0.23399084239552,7–3,7,10,51.4,50.6,46.8,38.3,22.2,16.7,36.8,26.9,67.6,47.1,49.9,38.4,34.9,7.8,13.3,62.7,44,41.2,26.8,67.6,,,,2024,,,,-2.6,79.2,72.2
"Utah St.",115.83364714838,103.9254435868,0.77687292146788,7–3,7,10,53.5,51.5,41.3,26.9,14.4,15.2,23.7,30.6,67.6,54.2,54.5,34.8,30.8,10.1,6.2,55.7,54.7,36.4,36.1,68.4,,,,2024,,,,0.9,70.1,75.4
Marist,97.580118085106,100.97627170213,0.40289052488359,6–4,6,10,50,46.6,36.8,32,17.9,17.6,24.1,25.9,64.3,47.1,46,36.9,31.7,7.6,8.2,57.5,42.3,35.2,36.9,64.1,,,,2024,,,,-3,74.3,68.2
Toledo,112.78552056738,110.2818122695,0.56418463805067,6–4,6,10,54,53.7,34,28.8,14.6,17.5,28.7,28,70,51.3,54.8,40.2,34.5,3.6,12.1,46.4,44.6,29.9,36.4,70.5,,,,2024,,,,-2.7,74.2,71.3
Denver,102.2114994672,114.74532944832,0.20912364056607,4–6,4,10,50.9,54,29.7,35.1,13.6,14.1,21.5,26.7,68.8,54.8,55.5,30.9,34.5,9,8.1,42.9,43.3,46.1,39.5,70.1,,,,2024,,,,-4.7,67.8,78.2
"Cal St. Northridge",100.78821931227,105.17789737374,0.37983124756727,4–6,4,10,49.1,49.4,34.1,42.7,17.8,18.2,28.7,28.8,71,50.8,48.5,29.6,33.8,8,7.8,50.4,58.8,27,41.5,71.6,,,,2024,,,,-4.6,64.2,75.3
Maryland,110.13893255319,98.641463260964,0.78038053775088,3–7,3,10,47.3,49.9,39.8,38.2,15.9,16.4,27,26.3,66.2,49,51.4,29.4,31.3,7.8,10.9,48.1,48.6,34.6,33,66.2,,,,2024,,,,-2.4,73.5,82
Rice,111.82286339958,113.41978794482,0.45932308484027,2–8,2,10,51.4,53.6,29.8,24.5,14.7,11.9,25.5,30.4,63.6,51,47.7,34.8,41.8,11.5,8.6,53.2,56.6,35.5,39.6,64.6,,,,2024,,,,-5.6,69.9,75.7
"Abilene Christian",104.25907,104.93628,0.48139455214973,7–3,7,10,49.5,51,35.9,33.8,17.6,18.6,28,28.6,67.6,47.4,53.4,36.7,30.5,6.6,6.1,51.4,47.1,26.5,31.8,67.2,,,,2024,,,,-1.4,74.4,64.4
Rider,102.71337028677,105.20903616096,0.4314152494797,7–3,7,10,52.1,46,37.4,29.7,18.1,16.9,25.3,29.8,67,51.2,41.3,36.4,36.9,10.1,10.1,58.4,50,27,33.5,67.5,,,,2024,,,,-2.1,77.3,72.3
"Boston College",113.38307,100.18513,0.80583200909282,5–5,5,10,49.9,47.5,19,27.3,15.4,11.8,29.2,26.4,64.3,47.9,47.4,35.2,31.7,6.9,10.2,51.6,52.7,41.2,38.8,65.8,,,,2024,,,,-0.6,76.3,74.1
Arizona,117.50699739417,91.307137196656,0.94790042434288,7–3,7,10,54.7,45.7,35.9,25.8,17.8,16.1,31.5,25.1,71.8,53.2,46.7,38.2,29.2,10,11.2,62.3,47.1,36.9,34.4,72,,,,2024,,,,0.8,68.2,74.7
"Penn St.",108.15746053706,96.712548743287,0.78350621399493,4–6,4,10,49.5,47.7,36.5,39.9,16.8,17.2,25.4,30.5,69.8,46.8,49.4,36.1,29.3,12.2,9.5,54.3,57.8,36.7,31.8,69.7,,,,2024,,,,-1.4,75.8,77.5
Hawaii,106.20805047711,103.85562360842,0.56404116751675,7–3,7,10,55.3,45.3,39.1,30.7,19.2,13.7,22.8,26.3,67.6,51.6,47.4,40.5,26.1,4.3,8.3,48.4,34.9,40.2,25.5,66.8,,,,2024,,,,-1.9,77.9,70.7
"San Diego",101.18098845947,107.5185892558,0.33210981264178,6–4,6,10,46.6,52.8,36,42.1,14.4,20.8,26.4,37.2,70.6,44.7,53.5,33.3,34.6,11.4,9.3,50.4,67.7,35.7,41.6,71.1,,,,2024,,,,-2,71.1,72.9
"UC Davis",105.37820991403,106.26489443155,0.47592870099624,5–5,5,10,48.6,50.9,34.6,36.6,16.3,19.8,26.1,33.9,66.8,49.4,49.9,31.4,35.4,7.5,7.8,49.4,48.2,37.3,32.8,66.2,,,,2024,,,,-3.5,82.8,75.7
LSU,111.15646072165,102.13534020619,0.72578863317235,5–5,5,10,51.2,51,38.1,34,18.9,16.1,31.8,31.3,69.4,48.3,53,37.4,31.7,9.8,12.2,41.4,43.7,35.9,36.5,69.6,,,,2024,,,,-1,71.6,74.9
"Fresno St.",100.59327765797,109.55158259764,0.27268033454597,2–8,2,10,47,54.8,29.7,33.6,16.4,15.1,21.9,33,64.4,47.8,56,30.6,35.4,5,15.3,46.6,56,41.7,41,64.8,,,,2024,,,,-4.1,73.6,71.1
UMKC,100.32755089787,98.017911788163,0.56656162537691,7–3,7,10,51,48.7,34,49.4,16.7,20.5,26.4,25.2,66.5,52.4,52.2,32.8,29.6,11.9,8.7,46.9,50.5,44.4,45.6,66.1,,,,2024,,,,-2.1,78.8,71.4
Baylor,120.8488,101.22939,0.8846516272807,5–5,5,10,52.8,52.3,40.3,28.3,19,13.9,33.2,23.9,65.6,52.3,53.1,35.8,34,6.9,11.6,48.6,59.2,39.5,36.7,65.9,,,,2024,,,,0.8,74.4,78.9
"Oral Roberts",96.372678214677,111.16262465424,0.16221050421959,2–8,2,10,49.4,53.3,22.6,32.7,16.1,14.5,23,25.5,68.2,51.3,51.8,31.5,37.2,6.2,7,41.5,47.4,46.3,37.9,68.5,,,,2024,,,,-6.8,75.2,75.5
Ohio,106.80674595745,102.11590595745,0.62632775944481,7–3,7,10,51.8,48.9,30.8,31.5,14.2,21.5,27.8,33.2,67.6,50.5,47.2,35.6,34.7,9.2,13.6,54.5,45.4,45,35.9,67.5,,,,2024,,,,-1.6,76.8,68.9
Winthrop,106.10095732036,109.38042293562,0.41336548368679,3–7,3,10,52.2,52.5,45,37.6,17.3,18.5,30,31.9,67.3,56.5,48.9,30.4,38.2,9.6,9.3,43.1,46.6,39.1,42.4,67.5,,,,2024,,,,-5.6,68.3,76.3
"Northern Illinois",97.465117738539,112.68227049255,0.15863871499906,4–6,4,10,47.7,52.8,34.2,34.1,19.6,14.7,32,28.1,66.5,49.6,50.5,29.9,37.3,12.7,9.3,40.8,64.2,40.1,42.1,66.6,,,,2024,,,,-4.6,65.4,62.6
"Georgia Tech",105.61901545327,104.43051188836,0.53248919222602,4–6,4,10,47.3,50.1,25.3,27.9,18.5,11.4,28.3,23.3,67.6,47.5,50.3,31.4,33.2,7.8,9,57.1,55.4,41.1,40.2,68,,,,2024,,,,-2.3,78.9,80.8
"Kent St.",105.10211,103.925,0.53233555437705,5–5,5,10,50.2,48.5,22.8,34.6,14,17.1,30.9,26.9,65.2,48,49.6,35.9,31.2,7.8,6.7,47.3,46.4,38.9,36.6,65.3,,,,2024,,,,-3.4,68.3,77.1
Marquette,122.8666,96.87225,0.9389815932983,7–3,7,10,56,50,26,26.2,13.3,17.9,23.4,31.9,68.5,54,49.7,39.5,33.6,12.9,11,49.1,64.1,38.5,44.1,68.1,,,,2024,,,,2.3,66.2,75.5
"Weber St.",107.9427537778,108.08647434413,0.49617469699901,7–3,7,10,54.7,55.2,33,30.9,14.2,19.9,22.2,26.6,67.6,55.5,53.2,35.6,39,6.1,6.6,40.6,48.5,36.4,37.5,67.3,,,,2024,,,,-1.9,72,72.8
Maine,94.692691098809,101.64988346414,0.30675754450836,5–5,5,10,45.3,48.6,33.2,29.1,15.3,19.3,23.5,27.4,68.9,47.9,47.8,26.5,33.5,10.2,9.6,45.7,50.8,31.4,34.1,66,,,,2024,,,,-3.8,69.9,74.4
"Sam Houston St.",111.86180603865,100.51610675889,0.7737979067621,8–2,8,10,54.4,46.2,38.1,41.6,19.9,19,32.8,28.1,66.9,50.6,45.9,40.7,31.1,4.9,10.4,50.8,44.2,35.9,39,67.5,,,,2024,,,,-0.6,74.3,68.2
"Incarnate Word",92.079229345709,116.73007898201,0.061342896702638,1–9,1,10,47.7,52.1,36.1,41.3,23,14.3,32.8,27.2,71.3,48.2,48.2,31.4,39.6,10.1,8.5,47.5,54.9,38.7,34.3,71.4,,,,2024,,,,-8,70.7,67.5
"St. Francis PA",92.772768360837,119.77941137486,0.050295532512211,1–9,1,10,47.7,51.9,36.5,37.5,20.5,16.3,32.8,27.1,65.5,45.1,51.6,35.7,34.9,9.9,11.9,50,52,30.8,39.1,65.5,,,,2024,,,,-8.4,57.3,70.4
SMU,112.77120007974,106.21493989367,0.66570136073545,4–6,4,10,48,53.9,32.9,39.4,15.7,18.4,39.7,31.3,69.4,45.9,50,34.5,40.7,12.1,12.4,52.6,54.7,36.3,34.9,68.7,,,,2024,,,,-2.9,68.1,77.3
Richmond,106.76734408163,99.572154285714,0.69047693814316,6–4,6,10,52.2,49.9,29.3,28.6,13.2,16.8,17.8,27.4,66.5,51.5,48,35.8,35.3,8.3,7.6,53.7,48.6,34.1,38.8,66.5,,,,2024,,,,-1.3,70.6,76.7
Providence,110.11545815303,100.05620457019,0.75057281746928,5–5,5,10,49.7,50.7,28.2,30.4,16.7,14.1,29.7,27.8,65.8,50.5,46.6,32.6,38.6,12.7,9.2,55.8,52.2,49,36.3,66.2,,,,2024,,,,-0.5,77.2,69.3
Louisville,105.22670245808,108.11269160315,0.4228326349068,1–9,1,10,48.8,58,34,36.8,18.6,15,25.1,25.9,70.1,50.3,52.9,30.4,43.7,7.9,9.2,47,58.2,31.7,40.3,70.1,,,,2024,,,,-5,74.7,71.1
Davidson,102.97806619434,100.14409253564,0.57954803999081,2–8,2,10,47.2,48.7,31.1,37.8,16.9,18.3,25.1,31.4,65.5,50.1,49,28.2,32.1,13.4,10.6,51.9,50.2,36.6,39.7,66,,,,2024,,,,-5.1,74.9,71.4
"North Florida",105.39377200359,113.65657205979,0.29567166117994,4–6,4,10,54.6,52.3,35.4,30.1,15.7,12.4,24.2,30.7,67.7,56.7,51.4,35.2,36.4,10.8,5.9,39.2,38,53,29.3,67.4,,,,2024,,,,-5.2,79.3,70.4
"Missouri St.",104.01474560473,103.33145187982,0.51893969274066,3–7,3,10,48.9,50.2,31.7,22,17.6,11.8,29.4,25.1,67.8,50.8,49.4,29.7,34,10.5,9.8,44.7,59,30.4,45.5,67.9,,,,2024,,,,-4.3,71.4,68.8
Vanderbilt,108.68605871844,108.63502131714,0.50135037222043,3–7,3,10,46.7,56,33.4,28,13.7,15.8,28.6,31.3,67.6,48.9,57,28.4,36.5,7.1,9.4,35.1,59.6,34.6,43.6,65.7,,,,2024,,,,-2.1,70.1,82.6
"Utah Tech",102.79580522803,109.87393345592,0.31739383715309,3–7,3,10,51.1,51.8,46.1,43.9,21.1,18.3,28.7,32.2,72.1,53.3,51.4,31.1,35,9.1,7.9,49.8,57.3,33.2,37,71.1,,,,2024,,,,-5.2,65,75.2
Akron,102.78613,105.13286,0.43546048794834,5–5,5,10,50.2,50.3,28.4,29.5,17,14.6,27.6,25.7,67.2,55.1,52.2,28.7,31.5,8.6,7,45.7,38.5,41,37.8,67.4,,,,2024,,,,-3.1,73.2,70.2
Memphis,114.28990962832,103.35733963687,0.760655903711,6–4,6,10,53,52.2,34.6,28,16.7,19.5,34.4,34.4,71.7,53.9,53.5,34.5,33.6,9.9,11.7,50.9,58.3,40.9,42.9,72.5,,,,2024,,,,-0.9,68.5,72.8
"Central Arkansas",94.578664218947,112.15732013734,0.12342245758688,2–8,2,10,47.1,52.6,27.8,31.1,16.3,14.5,28.8,25.4,69.6,46.1,49.7,32.6,37.4,9.9,7.5,54.8,45.3,36.6,44.7,70,,,,2024,,,,-7.2,76.5,79.8
"Murray St.",108.2539919865,109.22954062285,0.4742303616768,4–6,4,10,49.7,57,27.3,28.4,14.5,16,28.8,22.7,64.2,51.9,54.9,30.1,39.6,5.9,7.4,37.1,58.3,31.8,46.1,63.5,,,,2024,,,,-3,70.1,76.8
American,97.171175071753,111.45487333713,0.17119591265352,4–6,4,10,49.3,49.6,31.4,29.6,17.5,17.8,26,25.9,59.3,49.3,46.2,32.9,36.1,4.9,8.6,56.9,53.3,44.1,43.2,61.3,,,,2024,,,,-5.5,75.6,72
"Notre Dame",109.74152874946,101.00993871472,0.72180905189736,6–4,6,10,50.1,49.8,31.7,27.2,14.8,13.2,27.2,27.3,65.4,47.5,52.8,35.8,29.9,4.6,12.9,47.9,49.2,41.6,37.8,64.5,,,,2024,,,,0.2,78.5,70.2
Creighton,125.67516023956,95.724947060321,0.95813536832233,8–2,8,10,58.3,47.2,23.7,15.5,15.5,11.5,26.6,25.1,66.4,58.7,48.7,38.6,29.2,10.8,8.5,59.9,43.7,50.4,30.1,67.1,,,,2024,,,,2.8,81.4,81
Duke,127.4130532712,95.178049810631,0.96624783463859,7–3,7,10,56.6,47.9,31.3,28.7,15.3,16.8,38.5,28.6,64.1,53.4,48.2,40.9,31.5,8.7,11.5,53.9,47.7,39.8,30.1,64.1,,,,2024,,,,1.2,69.6,63.1
"Bowling Green",97.49803,104.59115,0.30840048792178,4–6,4,10,43.8,50.1,32.3,26.4,17.7,17,33.2,23.5,66.4,45.9,47.4,26.1,36.3,8,9.6,39.6,47.1,31.1,37.6,66.7,,,,2024,,,,-5,78,71.8
UCLA,111.32034084247,101.26342408339,0.74817401047783,4–6,4,10,47.4,52.9,31.5,36.5,14.1,16.6,27.9,30.3,62.5,45.3,51.6,34.4,36.4,9.3,6.5,42.8,53.1,32.8,40.7,61.7,,,,2024,,,,-1.9,74.6,66.1
Pacific,94.34700698999,121.92992190495,0.0497663153249,0–10,0,10,44.6,57.3,39.8,34.9,15.1,14.1,20.3,36.6,68.2,42.6,58.5,32.7,36.9,6.2,10.3,53.9,55.4,30.7,39,68,,,,2024,,,,-7.3,66.5,77.3
"Texas A&M",123.98467,98.27361,0.93539201021235,6–4,6,10,47.6,53.5,39.1,31.9,12.4,15.5,39,25.9,70,45.3,56.7,34.3,33.2,9.7,11.4,45.2,62.2,36.9,47,69.8,,,,2024,,,,1.6,73,69.3
"North Texas",111.87793,103.1454,0.71800563193786,5–5,5,10,50.9,52.8,29.5,41.8,14.8,18.4,30.6,29.5,65.7,47.8,50,37.2,38.6,7.7,13.6,46.1,45.4,38.6,35.2,64.6,,,,2024,,,,-2,76.9,73.9
Nevada,120.35820758787,99.816905458475,0.89586020197873,7–3,7,10,56.2,50.5,42.8,37,16.7,15.5,26.8,24.9,65.3,52.9,51.1,40.7,33,9.1,5.8,65.1,59.5,40.3,38.8,66.5,,,,2024,,,,0.9,75.7,73.4
UTSA,105.10452622526,108.09627308349,0.42000097169815,3–7,3,10,46.7,48.4,34.6,29.9,16.2,12.2,32.2,27.9,69.8,44.4,48.3,33,32.5,10.4,13.2,49.6,48.7,45.6,36.5,71.1,,,,2024,,,,-4.4,68.9,73.5
"Mississippi Valley St.",88.875828053925,114.29024128332,0.052537442407006,1–9,1,10,45.3,51.7,34,41.8,20.2,18.4,27.7,34.1,65.8,42.4,49.2,33,37.9,8,10.2,52.4,49.6,40,32.5,64.3,,,,2024,,,,-8.5,70.5,72.8
"Gardner Webb",102.21126866128,106.8780605745,0.37438833226834,6–4,6,10,50.1,48.9,38,29.8,18.2,14,31.9,28.5,68.5,46.2,48.3,37.9,33.5,6.8,11.1,51.6,47,36.6,32.9,68.9,,,,2024,,,,-2.8,59.5,73.9
"Norfolk St.",102.61886,112.12185,0.26532131624119,8–2,8,10,52.9,49.6,40.7,46.3,16.4,23,30.2,29.3,67.5,53.2,45.7,34.9,36.7,11.3,7,51.9,61.1,33.2,41.7,67,,,,2024,,,,-1.6,69.3,77.3
Chattanooga,112.55504146841,110.81580667711,0.54465290895398,6–4,6,10,55.1,49.6,35,23.6,17.4,13,28.9,30.4,67,52,44.7,38.7,37.4,8.7,9.9,51,49.2,51.7,43.3,67.3,,,,2024,,,,-2.7,76.8,71.8
"Georgia Southern",108.53155575394,112.31515603952,0.40273545632839,4–6,4,10,51.9,50.4,29.6,51.6,17.2,16.9,31.2,28.9,71,52.4,52.2,34.1,31.1,10.9,11.7,38.1,42.6,41.2,32.2,69.8,,,,2024,,,,-4.5,77.8,73.7
"Northern Arizona",99.882780480475,114.25992726432,0.17559176489467,4–6,4,10,50.8,52.7,31.3,33.1,18.2,13,26.5,29.4,68.3,52,54.6,32.1,32,7.5,9.4,51.9,51,32.3,28.2,69.2,,,,2024,,,,-5,73.5,70.8
Nebraska,118.15814468085,91.917515957447,0.94725112348091,7–3,7,10,53.3,44.8,28.8,32,14.2,15.8,27.3,29.9,70.4,54.9,43.9,34.1,30.9,5.6,10.9,53.2,49.6,43.4,39.3,70.1,,,,2024,,,,0.9,75.7,72.7
Yale,109.32665001153,102.62335434405,0.67429125078465,6–4,6,10,52.9,51.7,27.7,35,14.1,17.3,24.9,26.2,65.2,52.2,51.1,36.1,34.9,10,8.6,60.4,56.9,36,42.4,64.8,,,,2024,,,,-1.1,65,71.4
"Tennessee Martin",107.51097057056,112.13226271075,0.38131008877891,8–2,8,10,51,48.8,36,22.5,13.3,12.8,27.1,25.8,72.7,48.4,48,36.6,33.3,7.4,9.7,46.9,51.1,39,40.9,73.5,,,,2024,,,,-1.1,80.8,72
"Morehead St.",108.90644316454,105.83530501434,0.58150579554932,6–4,6,10,55.3,47.5,27,27.5,16.2,15.6,29.1,25.4,65.9,53.2,44.9,38.4,35.1,9.4,11.2,54.4,41.8,48.3,33.3,64.4,,,,2024,,,,-2.5,70.1,81.6
Tennessee,112.35602680944,86.602008788579,0.95230327132925,8–2,8,10,48.7,45.4,34.8,33.3,15.6,19.3,32.7,25.6,70.6,47.6,45.1,33.5,30.4,14,9.2,62.4,49.8,42.4,46.1,70.7,,,,2024,,,,2.5,75.5,71.1
"Texas St.",103.17397181818,104.22534505051,0.47088414495093,6–4,6,10,49.1,50.5,46.3,38.7,18.6,21.3,31,31.7,68.1,48.8,48.9,33.3,35.8,7.5,7.9,41.5,44.9,23.1,34.7,67,,,,2024,,,,-2.6,72.6,73.6
"Jackson St.",101.78462761525,115.42202634752,0.19062327743838,7–3,7,10,48.9,52.2,35.4,26,16.5,18.2,39.1,29.9,66.6,47.6,52.2,34.7,34.8,6.7,8.6,39.8,51.3,29.5,40.3,65.9,,,,2024,,,,-2.6,70.6,72.7
Mississippi,109.61646515464,105.76647256586,0.60136867904884,2–8,2,10,48.7,53.9,40.9,39.3,17.5,15.9,30.5,37.7,67.9,48.8,53.4,32.3,36.5,13.5,9,56.5,56.4,38.5,36.3,68.2,,,,2024,,,,-3.2,68.7,71.2
Wyoming,110.22706487528,106.67519619048,0.59306937254344,3–7,3,10,51.2,53.4,34.7,32.6,14.6,15.9,25.5,26.7,66.6,50.4,52,35,37,5.7,9.6,46,51.3,39.3,41.7,67.6,,,,2024,,,,-3.8,71.6,75.3
Minnesota,116.91753,107.82881,0.7172021243307,4–6,4,10,53.3,56.5,35.2,28.4,17.7,14.8,29,27.9,67.1,52.6,55.6,36.3,38.7,10.2,8.9,56.8,63.3,36.5,34.3,66.7,,,,2024,,,,-1,70.6,77
Illinois,133.0012,105.26803,0.93638970684476,9–1,9,10,57.3,51.9,40.2,26.2,13.2,11.3,36.2,29.1,68.8,57.5,49.2,37.9,38.7,7.3,5.9,46.4,50.2,35.4,30.6,69,,,,2024,,,,3.8,75.7,75.9
UTEP,102.19799080808,99.494955454545,0.57646008819863,5–5,5,10,49.7,52.6,33.2,45.7,19.8,24.9,29.6,30.5,68.9,49.4,52.8,33.5,34.9,6.8,10.5,49.4,49.8,31,37.4,68.3,,,,2024,,,,-3.1,69.3,70.2
"Loyola Chicago",104.05391933999,93.533378645245,0.77308172733995,7–3,7,10,48.7,45.5,32.8,38.9,18.3,18.9,33.7,24.5,67.8,47.6,45.9,33.6,29.9,15,16.5,64.9,48.9,40.3,35.8,69,,,,2024,,,,-0.2,65.8,79.4
Texas,115.3909,94.78374,0.90571201492348,5–5,5,10,49.4,48,32,40.5,15.5,18.5,26.4,30.6,68.8,52,48.5,29.8,31.4,8.4,7.2,47.9,47.9,35.2,34.5,69.5,,,,2024,,,,0.5,77.4,76.3
"Maryland Eastern Shore",90.940091844341,109.36905426144,0.10697104886457,3–7,3,10,46.1,48.8,40.9,37.4,20.9,19.9,29.9,33.9,67.4,49.9,49.7,26.2,31.2,8.6,9.9,43.2,42.2,35.3,33.7,67.3,,,,2024,,,,-6.4,68.2,71.4
"Western Illinois",94.897011356021,103.74277107616,0.26407285810087,6–4,6,10,44.3,45.6,36,20.5,18.8,14.7,36.5,30.2,66.9,45.9,45,27.4,31.3,11.1,8.9,53,42.2,33.4,29.2,66.5,,,,2024,,,,-3.4,61.3,76.6
"Fairleigh Dickinson",92.195606618731,109.80962961892,0.11809331857129,5–5,5,10,46,50.4,34.9,31.3,17.3,19,27.2,27.8,72.6,45.2,50.3,31.6,33.8,7.7,10.1,60.1,53,37.8,35.3,73.5,,,,2024,,,,-4.4,67.1,67.2
Cornell,111.27316042553,106.96794914894,0.61153677634698,5–5,5,10,55.2,50.4,25.1,34.4,15.4,16.4,25.7,33.1,70,58,47.8,35,36.3,10.3,9.3,63.8,59.1,50.7,39.3,71.7,,,,2024,,,,-2.4,72.5,66.7
"Fort Wayne",106.10984489796,102.57320979592,0.59624117594362,7–3,7,10,54.2,52.1,21.9,30.3,14,18.7,24.1,24,69.7,54.5,52,35.9,34.8,7,8.7,49.5,52.9,41,40.1,69.9,,,,2024,,,,-1.4,70.1,71.3
"West Virginia",114.1868839539,111.56051369681,0.56650278483023,1–9,1,10,53.6,57.1,38.2,31.3,20.4,13.8,26.9,31.3,69.7,50.4,57,39.2,38.1,10.3,12,54.2,62.3,37.3,47.1,69.5,,,,2024,,,,-3.6,67.5,74.4
"Cleveland St.",102.69704,105.90906,0.41237125209658,6–4,6,10,49.3,49,29.9,34.1,13.2,17.6,29.2,29.7,68.2,53.6,56.8,25.3,25.1,7.7,5,48.9,48.8,27.8,40.6,68.1,,,,2024,,,,-2.7,67.2,76.3
Queens,107.64271649019,113.08152101983,0.36196367777231,5–5,5,10,52,55,35.6,26.9,13.2,14.8,28.2,27.6,70.4,51.5,57.4,35.3,34.2,5.9,11.4,41.5,36.7,38.4,39.4,71.4,,,,2024,,,,-4,73.4,71.1
"Southern Illinois",109.77939640632,107.26070857225,0.56633669980312,5–5,5,10,49.8,54,33.9,43,15.3,16.5,25.1,22.8,66.2,54.8,55.4,29.4,34,8.9,11.3,57,44.6,46.5,30.5,66.2,,,,2024,,,,-2.2,77.6,77.7
"San Diego St.",112.7826,93.36962,0.8977347339037,6–4,6,10,47.1,45.8,31.4,33.5,14.7,15.7,37,27.8,63.8,48.9,43.8,29.4,32.6,14.1,11.2,54.2,48,38.5,39.4,64.3,,,,2024,,,,-0.1,74.5,69.7
"Nebraska Omaha",100.49414114007,112.21888938765,0.21942044976497,4–6,4,10,48.4,56.4,36.3,32.1,12.9,15.8,23.7,23.5,68.3,51.3,55.1,28.4,38.8,4.9,4.6,36.3,44.5,33.1,43,69.3,,,,2024,,,,-4.8,71.8,71
"Texas A&M Commerce",95.830833546099,115.76617301418,0.10216830884108,5–5,5,10,47.1,52.1,36.3,33.2,14,17.6,23.8,33,67.8,46.9,51.5,31.6,35.7,8.8,12.6,47.4,51.9,41.5,27.6,67.2,,,,2024,,,,-4.4,70.1,70.3
DePaul,105.72648507949,115.03590418437,0.27478645440356,0–10,0,10,48.7,60.3,32.1,23.6,20.3,13.2,23.3,34,68.1,48.1,59.1,33.2,41.2,6.1,13.7,51.3,64.2,36.4,45.8,68,,,,2024,,,,-4.6,75.7,73.2
"UT Rio Grande Valley",92.73971231073,113.32249694433,0.090703875828321,0–10,0,10,42.9,57,33.2,26.4,16.8,17.3,20.1,29.3,71.3,43.3,58.9,28,35.6,3.8,9.5,52.9,65.3,28.6,35.2,70.3,,,,2024,,,,-8.1,75.3,67.3
"Chicago St.",101.99404522789,111.785843837,0.25841733956408,3–7,3,10,48,55.5,35,36.2,19.5,19.3,32.8,36.5,65.8,46.9,54.3,33.5,38.5,9,8.4,40.6,47.4,33,34.4,65.4,,,,2024,,,,-4.5,72,65.5
"South Dakota",109.20484954016,120.84549464078,0.2377953663658,3–7,3,10,55.6,54.6,29,29.1,15.5,9.6,21.2,27.5,68,52.2,54.9,41.3,36.2,3,7,41.5,42,35.1,41.1,68.6,,,,2024,,,,-5.8,83.1,76.9
"Montana St.",106.65993,108.02578,0.46348262121667,6–4,6,10,57.7,51.3,28,31.4,15.8,18.2,20.9,31,68.5,56.4,51.1,39.5,34.5,8.2,6.9,48.4,39.8,44.5,36.8,70.1,,,,2024,,,,-2.9,70.8,73.4
"Oklahoma St.",114.19808725768,105.22546170213,0.71930894261636,2–8,2,10,50,53.5,39.4,29.3,17.9,15.8,26.4,35.5,67.5,53.9,54.3,29.2,34.7,7.6,11.3,45.3,47.2,38.7,37,67.6,,,,2024,,,,-2.5,73.6,74.7
Wagner,96.137815261977,101.99368335483,0.33626717767539,5–5,5,10,45.3,46.9,26.6,31.7,15.4,15.6,28.9,27.1,63.6,45,48.3,30.7,29.9,8.6,9.2,51.5,56.7,35,40.8,62.5,,,,2024,,,,-3.7,69.5,70.7
"Bethune Cookman",94.3713,105.91009,0.20972803280372,5–5,5,10,45.4,48.5,36.4,49.8,16.8,21.6,26.6,31.3,67.3,43.5,49,33.5,31.5,9.2,8.4,40.2,54.2,28.1,31.6,67.5,,,,2024,,,,-4.1,78.5,66.9
Wofford,102.76154183321,107.68955509845,0.36849555086091,5–5,5,10,52.9,48.8,27.5,34.3,18.1,15.6,31.7,27.9,64.4,53.2,46.8,35.1,34,8.1,8.1,61.2,51.1,47.3,47.6,64,,,,2024,,,,-3.4,62.3,75.1
"Cal Poly",96.785971580445,115.56844620863,0.11510234017912,0–10,0,10,48.2,54,33.2,38.2,18,16.8,21.7,33,67.3,44.4,51.8,36.2,39.4,7.9,7.9,45.7,49.8,39.3,30.4,67.1,,,,2024,,,,-8.3,70.6,77.6
Towson,100.89452863636,98.357492537879,0.57269866552405,6–4,6,10,50.2,45.8,30.5,32,21,16.2,40.4,26.9,63.4,51.4,43.3,31.9,32.9,12.8,7.4,47.8,46.7,34.3,40.9,63.4,,,,2024,,,,-2.7,68.2,66.7
"Delaware St.",99.63255,107.27307,0.29949153571644,4–6,4,10,49,49,44.7,36.2,20.4,22.9,34.8,37.7,68.5,47.2,47.9,35.8,33.8,5.1,8.3,48.3,57.8,27.2,40.1,68.4,,,,2024,,,,-5.2,72,77.8
"Prairie View A&M",93.090311840983,114.69070793739,0.083196166401787,2–8,2,10,47.4,54.4,36.7,39.3,17.6,22,26.6,33.8,70,48.7,53,29.2,38.1,10.4,8,58.1,53.2,27.2,33.1,69.4,,,,2024,,,,-7.5,71.6,72.1
"Alcorn St.",105.12818064716,114.28154207447,0.27686337505502,9–1,9,10,52.1,50.6,41.9,35.2,15.9,18,37.3,24.7,67,51.7,50.9,35.3,33.3,7.4,7.9,53.4,52.5,29.2,39.9,65.6,,,,2024,,,,-0.7,73.6,72.8
Liberty,106.01856339394,107.95704913022,0.44809482578908,5–5,5,10,56.5,51.5,29.8,27,19.1,17.4,21.3,24,66.5,55.1,53.1,39,32.2,8.5,12.8,54.5,41.6,43.8,32.4,65.7,,,,2024,,,,-3.5,65,70.7
"UNC Wilmington",113.33261103506,113.41660845327,0.49786997169778,6–4,6,10,54.9,52.1,29,29.4,13.2,18.7,31.3,32.6,62.6,57.9,51.5,33.9,35.4,5.6,5,44.4,37.9,41.8,34.8,64.3,,,,2024,,,,-3.1,75,72.2
"Le Moyne",96.244338127342,103.26609355273,0.30792931410257,6–4,6,10,50.4,43.5,27.7,26.9,16.9,17,20.4,27.1,67.3,51.1,43.3,33.2,29.2,9,8.9,63.6,54.5,50,42.1,67,,,,2024,,,,-3.5,74.8,71.9
Presbyterian,103.64854333874,105.31191379534,0.45435522462395,4–6,4,10,49.7,53.1,35.6,41.8,16,19.5,28.4,29.3,67.8,51.6,51.3,30.3,37.9,10.6,8.8,43.1,47.6,32.1,32.6,68.1,,,,2024,,,,-4.6,68.8,66.8
Michigan,103.9206047152,105.66118393035,0.45238976545699,1–9,1,10,45.9,55.2,34.1,32.3,20,13.4,28.3,28.9,68,43.9,55.4,33.2,36.5,7.3,7.5,46.2,47.8,34.8,33.3,68.3,,,,2024,,,,-3.3,68.8,73.3
Bellarmine,102.89296757426,113.0464393275,0.253078922247,4–6,4,10,52.1,53.6,22.6,35.3,11.9,13.2,20.3,25.7,67.1,51.8,53.3,35.2,36,5.4,6.6,48.9,50.6,35.8,45.7,66.5,,,,2024,,,,-5.1,78.3,74.8
"East Carolina",109.54529226306,108.91838755212,0.51649429324049,4–6,4,10,50.6,54.5,33,34.8,16.8,16.8,31,28.2,65.6,48.9,52.3,35.7,38.2,9.8,7.8,62.2,58.7,36.8,44.6,65.3,,,,2024,,,,-3.5,67.6,78.6
Northwestern,115.29259959596,98.779154545455,0.85541837129351,5–5,5,10,49.6,50.6,30.2,35,12.8,15.5,25.7,26,63.2,45.7,52.7,37.7,31.2,7.7,13.2,57.7,62.3,35.4,35,63.6,,,,2024,,,,-0.2,81.2,67.2
"College of Charleston",116.68590368001,102.25484480888,0.82027356317153,9–1,9,10,54.1,51.9,24.8,29.3,14.2,17.7,34,24.5,68,50,50.6,39.5,36,10.2,8.1,59.1,44.5,44.5,39.7,69.2,,,,2024,,,,1,71.7,72.3
"Eastern Illinois",95.788607219969,108.74102184287,0.18869814491227,4–6,4,10,45,48.7,29.8,36.7,13.9,19,27.6,30.3,68.3,44.1,46.8,31.4,35.2,9.9,10.3,44.7,51.4,28.3,31.7,68.7,,,,2024,,,,-5.2,73.5,70.5
Buffalo,97.084934321854,111.64479052911,0.16701037093746,2–8,2,10,51,51.4,28.2,32.9,19.3,14.8,24.1,30,70.7,53.2,49.9,31.4,36.2,10.5,6.5,57.2,48.9,36.1,36,70.7,,,,2024,,,,-7,72,72.7
"Northern Kentucky",103.26911656403,104.70217623988,0.46046080083453,7–3,7,10,52.8,51,30.1,28.3,15.5,19,28,32.4,70.2,53.8,54.2,34.1,30.9,5.2,9.4,51.4,53.8,36.1,41.2,69.5,,,,2024,,,,-1.8,76.9,69.9
Valparaiso,99.680313437899,113.16580605984,0.18859165372447,1–9,1,10,46.3,61.8,16.4,30.6,14.9,18,24.6,26.4,69.6,45.4,65.2,31.7,37.3,6.7,4.6,46.3,53.9,38.4,36.2,69,,,,2024,,,,-6.3,68.6,70.3
Elon,98.449091813012,110.8515908108,0.20350891437784,4–6,4,10,49.6,52.9,33.3,22.7,18.2,17,26.5,32.3,65.9,49.5,53.7,33.2,34.7,4.9,9.8,53.5,66,47.3,45.1,67,,,,2024,,,,-4.5,66.7,69.6
"Appalachian St.",109.27820609862,101.69904544975,0.69563749113738,8–2,8,10,54.7,45.3,30.9,19.6,15.2,12.5,29,28.7,68.5,53.3,44,39.2,32.1,12.5,6.3,44.7,34.7,27.2,32,66.9,,,,2024,,,,-0.4,74.1,72.4
"North Alabama",105.85514673963,113.56113175886,0.30829524438571,5–5,5,10,50.6,51.1,32.5,40.2,11.6,12.8,24.5,29.3,66.4,48.8,49.5,36.1,36.5,8.3,8.8,37.2,37,33.5,31.9,67.2,,,,2024,,,,-4,80.9,76.3
Oklahoma,113.26831507299,102.28116441032,0.76375728108088,4–6,4,10,51.9,51.2,41.1,29.7,17.8,13.3,24.9,27.9,66,51,51.4,35.4,33.8,8.2,7.6,49.8,48.5,42.5,32.7,66.2,,,,2024,,,,-0.5,74.1,75.1
"St. John's",125.35187461668,101.62038436536,0.91786056481627,6–4,6,10,53.6,54.2,24.6,32.6,14.1,17.8,37.3,26.9,69.7,53,49.3,36.5,41.5,16.4,7.8,51.6,59.1,32.1,38.1,70.3,,,,2024,,,,0.3,78.4,76.9
"Long Beach St.",104.54932650238,109.07763550297,0.38045667751311,4–6,4,10,44.9,51.2,36.7,32.8,14.8,15.6,32.5,25.9,71.1,46.6,49.6,27,35.8,11.5,6.6,56.4,57.8,27.7,38.6,71.2,,,,2024,,,,-3.7,74,79
Samford,112.51109211297,104.64831961998,0.69701715784793,7–3,7,10,54.7,51.5,45.1,40,17,19.7,27.1,32.7,72.2,54.9,53.5,36.4,32.3,9.6,12.3,56.4,54,44.4,40,72.8,,,,2024,,,,-1.3,73.5,65.5
"Eastern Washington",114.75274984917,119.6318177742,0.38252399446304,7–3,7,10,59.2,56.4,44.3,31.5,17.6,16.1,27.9,26.5,71.2,63.5,50.3,35.3,43.1,9.5,6,63.6,55.4,40.1,42.3,72.4,,,,2024,,,,-2.2,81.4,77.4
"Kansas St.",112.69741,98.67642,0.8216981061869,4–6,4,10,51.2,48.3,45.9,38.3,20.4,12.8,28.2,29.7,69.7,51.5,49,33.8,31.3,7.6,13.6,55.2,55.3,38.9,33.9,68.8,,,,2024,,,,-0.3,70.6,72.8
Pepperdine,110.87717451728,108.70333569625,0.55668194113127,4–6,4,10,53.9,54.3,35,28.6,15.6,14.7,26.7,25.5,67.9,51.6,51.8,39,39.7,6.3,6.9,48.7,49.1,33.2,33,68.9,,,,2024,,,,-3.4,74.1,68.5
"UC San Diego",111.05437591129,111.96864348265,0.47644558488738,6–4,6,10,51.4,51.6,34.7,32.6,14.7,14.7,29.6,26.3,66.3,52.3,54.3,33.3,31.3,6.3,10.4,44.4,44.7,38.1,37.1,66.8,,,,2024,,,,-2.9,73.7,74.5
"Grambling St.",103.64130270731,105.33632238785,0.45349546674888,8–2,8,10,50.7,46.9,44.8,29.6,18.6,17.9,26.6,32.2,65.2,47.1,45.6,40.1,32.9,11.6,8.9,47.7,53.8,27.1,36.8,64.3,,,,2024,,,,-0.6,71.5,70.1
"Texas Southern",103.23387,108.36498,0.36404698685764,7–3,7,10,53,47.5,27.4,38.3,17.6,18.3,30.1,30.2,68.7,52.6,48.5,35.7,30.6,8.7,7.5,47,53.2,41.1,36.7,68.2,,,,2024,,,,-2.4,80.7,74
Colorado,119.5424,97.19503,0.91528499370337,8–2,8,10,55.2,49.5,29.9,22.5,16.8,13.2,31.1,27.1,66.5,54,53.8,38.5,28.1,4.4,10.6,59.9,46.3,32,36.8,66.1,,,,2024,,,,2.5,76.5,70.8
VMI,86.776780740669,112.48552067879,0.04815018007794,0–10,0,10,43.6,57.2,27.1,31.1,19.9,16.3,20.6,30.8,74.7,46.1,56.7,25.7,38.8,7.2,7.6,39.3,51.9,33.8,37.3,75.2,,,,2024,,,,-8.3,71,66
Auburn,124.70699,95.06733,0.95774616153032,7–3,7,10,56.5,44.9,38.6,50.1,16.1,15.9,29.8,31.6,70.9,55.3,43.9,39.2,31.7,15.9,8.7,59.2,39,35.9,28.2,70.5,,,,2024,,,,1.7,72.4,72
"New Orleans",96.096784875887,114.76140593972,0.1149402323786,2–8,2,10,44.3,52.7,42.5,35.2,17.2,20.7,29.2,36.7,71.5,47.7,50.4,24.9,38.9,9.3,7.6,46.4,55.2,32.4,29.5,72.1,,,,2024,,,,-7.1,72.6,78.5
"Idaho St.",102.92006991618,110.0756567204,0.31583582214343,4–6,4,10,52,56.6,37.5,29.5,15.4,19.2,29.6,24.7,65.4,52.6,56.2,33.7,38.2,8.6,5.3,40,44.3,31.9,33,65.2,,,,2024,,,,-4.9,68.9,75.5
Columbia,106.7439175746,108.53173713702,0.45239101686701,3–7,3,10,53.1,54.4,29.7,28.5,18.4,17.2,29.9,27.2,68.1,52.3,54.4,36.3,36.2,7.7,10.9,62.1,59.7,38.9,39.6,69,,,,2024,,,,-5.4,65.3,70.9
"Western Carolina",108.48280646544,101.92359012682,0.67199789960353,6–4,6,10,52.3,47.5,29.3,32.6,15,14.2,29.1,24,66.8,49.4,47.8,38.7,31.3,5.2,7.3,38.9,40.3,33.9,37.2,66.3,,,,2024,,,,-2.3,74.4,72.6
"Eastern Kentucky",111.24648178312,114.9160649409,0.40776378945771,6–4,6,10,54.7,47.9,33.4,30.7,15.7,12,35.7,34.4,68.1,51.7,45.3,40.7,36.6,14,5.3,46.2,44,31.4,27,68.6,,,,2024,,,,-3.2,69.7,81.5
Penn,109.3341611339,114.97787237,0.35920778133388,2–8,2,10,52.4,55.8,22.8,32.8,12.8,12.1,22.5,25.4,65.8,53.8,56.7,33.7,36.6,4.9,5.4,49.4,59,43.8,46.8,66.7,,,,2024,,,,-6,73.1,71.8
"South Carolina St.",98.886061616065,104.86521946928,0.33734742938185,7–3,7,10,48.3,47.5,39.7,47.6,25,24.4,41.4,29.5,66.8,44.4,47.4,35.9,31.8,12.3,8.6,58.3,56,40.4,34.7,66.9,,,,2024,,,,-2.5,75.9,73
Idaho,95.343447420777,110.1649944465,0.15953711450067,3–7,3,10,50.8,51.4,26,38.6,19.6,16.5,22.6,28.8,64.2,51,53.4,33.6,31.9,6.6,10.9,51.3,52.1,40.3,36.3,64.7,,,,2024,,,,-6,78.7,74.9
"Stony Brook",109.39938919192,105.41956616162,0.60495540379466,7–3,7,10,53.4,45.9,31.4,31.7,13.8,12.5,24.2,29.8,67.3,50.5,44.4,39.3,32,9,6.4,45.5,51.8,33.9,40.7,68,,,,2024,,,,-1.5,80.1,68.3
Evansville,102.27702773196,106.87751319588,0.37613613222784,2–8,2,10,48.7,54.1,22.4,34.9,16,16.7,20.8,26.4,67.5,48.8,52.6,32.4,37.4,7.4,6.8,45.5,62.7,36.5,44.2,67.5,,,,2024,,,,-5.4,75.2,76.8
"Saint Peter's",98.176664218408,100.48549749017,0.43356615379829,7–3,7,10,45.7,43.9,41.8,38.6,18.3,17.9,32.3,33.9,65.2,41.8,42.8,37.1,30.8,13.6,9.9,44.7,51.6,28.2,31,64.4,,,,2024,,,,-1.3,69.6,71
Virginia,96.912218247423,95.362127525773,0.54622438579512,4–6,4,10,43.1,49.1,23.3,22.6,11.8,14.8,23.2,27.1,60.2,41.8,51.8,30.5,30,15.4,11.2,59.3,53.5,33.2,39.4,60.4,,,,2024,,,,-1.3,58.8,79.4
UCF,109.50615,98.35608,0.77468254632274,4–6,4,10,47.9,50.6,38.2,42.5,17.5,18.5,31.8,28.4,69,46.9,48.6,33.3,35.6,13.3,8.7,39,55.7,32.2,42.8,69.1,,,,2024,,,,-1.3,70.6,69.7
Drexel,107.29822208465,105.60985700455,0.54547257020777,5–5,5,10,51,52.6,29,24.5,15.6,12,28.9,22.6,65.8,49.4,53.7,36.1,33.7,8.3,9.9,45.5,37.8,34.7,35,66.5,,,,2024,,,,-2.9,72.5,71.2
"Charleston Southern",88.995476143741,101.70578363594,0.17722913957288,4–6,4,10,43.6,47.3,25.6,31.2,18,13.6,28.9,26.3,68.3,43.2,49.8,29.6,28.2,7.7,8.8,40.8,47.3,37.3,32.6,68.8,,,,2024,,,,-4.6,66.7,70.1
"Northern Iowa",112.30867247952,102.27475488447,0.74578642437008,7–3,7,10,51,52,41.5,28.6,13.5,17,26.9,21.6,68.3,51.8,51.2,33,35.4,10.8,5.4,52.1,51,35.4,40.4,68.3,,,,2024,,,,-0.6,69.3,76.3
"South Carolina",115.89461326531,102.69722632653,0.80064106940195,5–5,5,10,48.6,52.8,33.7,36.7,14.6,13.7,30.6,29.4,65.7,48.4,51.4,32.5,37.3,8.4,15.6,58.6,51.1,35.6,31.1,64.5,,,,2024,,,,0.5,69.7,76.6
Lamar,98.684678690137,106.80482851669,0.28713399563268,6–4,6,10,48.6,47.8,33.3,36.4,17.9,18.4,34.8,30.5,66.7,51.7,48.9,28.6,30.4,9.5,6.1,62.6,50.2,36,33.6,66.1,,,,2024,,,,-2.9,70.1,67.6
Kentucky,123.81374420195,102.45670946777,0.89820040848796,7–3,7,10,58.4,51.2,34,36.1,17,14.7,27.9,30.2,74.3,56.7,49.9,40.7,35.6,16.5,7.3,55.7,48.6,38.8,37.5,73.3,,,,2024,,,,1.6,81.6,71.7
Lafayette,94.834454870309,112.10741318096,0.12739020076586,3–7,3,10,48.8,48.5,26,36.8,15.6,17.1,24,29.2,63.6,46.4,46.7,35,34.5,12.8,11,54,50,39.1,37.4,64.7,,,,2024,,,,-6.4,66.9,74.4
"North Carolina Central",110.34890325843,121.02753853933,0.25687674402808,5–5,5,10,54.2,50.9,42.2,35.8,17.5,17.4,35.3,35,68.1,52.4,50.8,38.2,34,6.5,8.6,49.3,44.7,37.5,34.6,67.5,,,,2024,,,,-4.5,68.9,73.3
Wisconsin,119.88839,99.65648,0.89336369801677,5–5,5,10,51.9,53,29.7,41.5,14.4,17.5,29.3,26.3,67.1,50.7,50.8,36,38.3,4.4,11.1,50.6,53,37.1,32.6,67.2,,,,2024,,,,0.2,75.3,74.9
Alabama,121.9627,105.00956,0.84827490508202,6–4,6,10,54.2,50.3,34.8,45.3,14.2,13.9,33.7,32.7,76.4,57.9,53.3,32.8,30.3,10.4,13.3,50.8,44.8,43.1,37.7,73.9,,,,2024,,,,0.9,73.2,78.1
"Tennessee Tech",94.758438350119,115.00329406095,0.097374485183931,3–7,3,10,50.1,50.7,28.9,22.9,17.2,16,20.9,27.7,65,48,50.4,36.1,34.2,7.7,7.9,53.2,55,34,34.8,64.7,,,,2024,,,,-6.3,71.2,83.5
NJIT,99.302783342748,114.7314687991,0.15964946341748,3–7,3,10,44.9,55,28,37.4,13.2,15.4,26.5,25.2,67.4,45.4,57.2,29.3,34.1,7.8,6.9,38.7,53.7,37.3,37.2,65.3,,,,2024,,,,-5.8,73.4,73.3
IUPUI,92.845466285057,118.20455264822,0.05857857518736,0–10,0,10,46,59.8,36.7,35.4,22.1,19.1,30.1,37,69.8,49.5,59.3,22.3,40.5,6.9,6.5,44.2,54.2,22,36.6,69.1,,,,2024,,,,-8.6,73.3,77.3
"Alabama A&M",93.42183,103.23872,0.24065940801007,5–5,5,10,46.9,44.7,45.2,37.5,21.8,19.5,31.9,29.4,69.7,49,43.3,27.6,31.5,11.5,6.7,51.9,50.9,27.1,35.7,69.9,,,,2024,,,,-4.4,72.7,78.9
"Cal Baptist",100.13225272727,109.61912191919,0.2609609689891,2–8,2,10,46.3,50.9,33.5,26.8,19.2,12.5,30.2,25.3,63.5,44.6,48.8,33,37.2,6.3,12.3,54.5,50.8,34.4,29.6,62.7,,,,2024,,,,-5.8,70.5,67.9
Dartmouth,96.010333396862,112.14876089815,0.14347048393161,1–9,1,10,50.9,56.7,29.5,22,19.8,12.8,21.1,24.7,65.6,50.2,54.5,34.6,39.4,12.3,9,60,61.9,40.8,47.5,65.4,,,,2024,,,,-7,65.2,69
"La Salle",108.0598289603,103.83557813775,0.61267686356434,5–5,5,10,50.2,49.3,20.1,33.4,15.1,13.4,27.1,27.5,65.1,48.2,47.6,35.9,35.1,8.6,10.7,53.1,49.8,35.2,34.3,65.2,,,,2024,,,,-2.3,73.1,72
Tulsa,100.42473162026,106.85018614558,0.32888751129739,4–6,4,10,49.4,51.4,40.7,42.2,16.9,15.5,20.6,27.8,68.2,52.3,49.1,29.8,36.7,9.5,7.5,51.3,57,38.4,39,69.4,,,,2024,,,,-3.8,72.3,67.8
Kansas,108.74700875,96.609195416667,0.79592667834516,4–6,4,10,48.4,52.7,34.3,29.6,16.5,14.1,24.3,25.8,69.7,51,48.8,27.9,38.5,11.3,6.6,62.5,56.6,28.6,42.8,69.6,,,,2024,,,,-0.3,68.7,68.5
"St. Thomas",108.18151567068,104.80942686072,0.5900490568741,6–4,6,10,57.2,54.7,26.6,26.1,14.1,18,22,19.8,64,55.8,57,39.5,34.6,6.3,8.2,49.1,50.2,41.8,45.2,63.6,,,,2024,,,,-2.9,70.3,76.3
"Grand Canyon",112.76371941836,98.767847426245,0.82112808188241,7–3,7,10,50.2,44.5,47.3,36,15.8,19.2,29.8,34.9,67.7,52.4,42.1,31.1,32.5,15.7,7.4,47.1,50,38.4,35.1,67.9,,,,2024,,,,-0.4,75.5,72.1
"Michigan St.",108.24449,92.07694,0.86533555087789,4–6,4,10,47.4,50.4,23.9,34.2,15.6,17.9,29.9,27.2,65.5,46,50.4,33.7,33.5,9.7,8.9,51.2,56.3,29.9,36.6,65.3,,,,2024,,,,-0.8,73.9,66.8
"Cal St. Fullerton",101.34912411282,108.1768551118,0.32087439293015,3–7,3,10,51.5,50.4,33.6,32.9,15.9,16.3,21.7,26.8,68.1,50.9,51.7,35.1,32.3,10.6,6.9,33.7,50.6,37.5,37.7,68,,,,2024,,,,-5.6,68.8,75.1
"Southeastern Louisiana",96.434275368456,109.81025026914,0.18335802059522,6–4,6,10,50.5,48.1,39.1,29,20.6,17.2,29.6,29.8,68.3,46.7,50.4,37.5,30.1,10,6.5,63.4,59.3,39.1,44.5,66.8,,,,2024,,,,-3.5,73.1,72.3
"UC Riverside",111.22174001075,110.00753345798,0.5315170816667,7–3,7,10,50.2,53.1,37.3,32.4,13.4,16.9,29.5,25.7,68.6,48,53.4,35.6,35.1,3.4,9,48.8,44,41.1,33.1,69.3,,,,2024,,,,-1.8,75.4,70.6
Clemson,116.67705,96.35846,0.9002808161746,6–4,6,10,53.3,46.7,32.9,32.8,14.7,13.6,22.6,26.9,66.1,54.7,46.8,34.2,31,9.6,6.5,51.6,38.2,41.5,40.3,65.6,,,,2024,,,,0.1,81.2,75.7
"Central Connecticut",99.13788741298,109.28000726867,0.24598894020645,7–3,7,10,50.3,48.6,36.9,26.4,17.1,17.1,27.7,23.9,67.2,49.7,45.1,34.1,36.5,11.1,8.9,54.3,57.6,39.4,36.4,67.6,,,,2024,,,,-2.5,69.9,69.9
"Coastal Carolina",97.811333300607,109.9039596995,0.20742553800266,3–7,3,10,50.4,48.7,36.5,29.1,19.7,11.4,25.8,26.8,71.2,48.8,50.3,35.6,31.3,6,7.4,52,57,34.6,46.3,69.9,,,,2024,,,,-5.8,71.7,67
"North Carolina A&T",90.342324214152,112.78539904486,0.072317085559897,0–10,0,10,39.7,54.1,32.2,27.6,14.7,13.9,26.7,31.1,66,41.7,55.1,24,35.2,7.8,4.9,41.5,57,33.8,42.3,67,,,,2024,,,,-8.3,70.6,65.5
Washington,113.92574202945,99.502465219821,0.82587801307684,5–5,5,10,53.2,49.2,28.3,30.2,15.5,14.9,23.1,26.9,72.7,51.9,48.9,36.8,33.2,7.1,9.7,56.8,54.5,40.2,36,72.6,,,,2024,,,,-1.1,71.6,73.4
"Colorado St.",109.13125,96.69417,0.80082825447313,5–5,5,10,50.1,45.2,32.9,40.2,16.3,13.4,26.9,25.1,65.1,54,44.5,28.9,31,8.3,8.7,60.6,45,37.1,31.8,66,,,,2024,,,,-0.9,71.8,74.5
"Indiana St.",123.39375338256,104.27872586691,0.87386805600836,9–1,9,10,60.7,50.2,32.5,26.7,15.1,15.1,24.1,23.7,70.2,62.5,46.2,39,38.8,3.7,9.3,65.4,36.2,45.8,33.2,70.5,,,,2024,,,,1.2,84,77.2
UMBC,107.44393256792,106.08407746582,0.5365540886482,5–5,5,10,53.3,47.6,26.9,27.3,14.7,15.3,24.4,30.8,73.7,54.7,50.6,33.5,28.7,13.1,6.6,44.5,47.9,32,39.8,72.6,,,,2024,,,,-3.9,74.6,73.4
"Louisiana Monroe",101.8532013063,113.52175381771,0.22316580057703,4–6,4,10,47.1,56.2,39.9,35.8,16,19.5,32.2,28.5,68.6,45.5,55.3,34.1,38.3,3.8,8.1,46.3,54.3,28.2,41.8,67.9,,,,2024,,,,-4.5,67.7,72.6
"The Citadel",101.12938263766,111.41667090611,0.24711161003404,2–8,2,10,51.7,56.3,37.7,27.5,17.8,18.4,24.4,28.5,67.5,54.4,56.4,30.4,37.4,7.4,10.2,41.9,54.2,31.2,40.2,67.3,,,,2024,,,,-6.2,67,69.7
Hofstra,110.91204583382,100.11179245609,0.76461954913697,7–3,7,10,56.8,48.2,23.9,26.5,14.6,18.8,23.5,27.1,64.3,56.6,46.1,38.1,34.1,9.9,8,54.4,52.2,41.5,40.5,64.9,,,,2024,,,,-1.3,78.2,78.5
"UMass Lowell",104.05444404255,108.71363638298,0.37666352147029,6–4,6,10,49.7,47.8,49.1,29.6,18.7,13.7,32.8,25.7,73.4,47.4,49.4,36.4,29.6,10.8,12.8,44.1,41.3,31.6,32.4,71.5,,,,2024,,,,-2.6,73.4,67.2
"South Alabama",103.27804112179,104.99709976936,0.45268167353969,6–4,6,10,53.6,48.2,38.9,32.2,17,17.5,20.5,32.2,69.5,51.1,50.9,38.9,28.8,7.3,12,41.2,42.6,34.1,35.8,69.1,,,,2024,,,,-2.9,76.3,71.5
Butler,107.32401685457,98.678340309278,0.7242915986829,3–7,3,10,51.2,51.5,19.6,20.7,18.2,15.3,21,27,69.2,50.9,51.6,34.4,34.1,8,8.2,62.4,50.5,43.4,33.6,68.9,,,,2024,,,,-2.9,78.9,78.1
"SIU Edwardsville",100.16951795092,114.40228376232,0.17830748072425,4–6,4,10,45.8,53.6,30.4,46.5,15.4,17.9,32,23.1,70.9,47.7,50.6,28.4,38.9,10.2,10.3,40,49.8,35.9,37.9,71.9,,,,2024,,,,-5,74.7,71.1
"Northern Colorado",105.12917837739,108.5794419106,0.40821229851428,5–5,5,10,54.9,50,25.8,27.5,15.5,14.6,23.6,26.5,68.4,56.8,52.4,34,30.8,6.8,6.5,49.8,50.9,32.4,38.3,69.7,,,,2024,,,,-3.9,74.3,75.3
Iowa,121.82002346939,104.38422020408,0.85524700902401,5–5,5,10,52.3,54.3,36.9,36.7,12.1,13.9,22.8,29,71.2,50.5,53,37.7,37.9,10.6,6.1,61.8,55.9,30.1,34.6,71.5,,,,2024,,,,0.4,76.3,68.7
"Florida A&M",87.08385070155,104.86042839878,0.10562541190089,2–8,2,10,46.5,44.3,32.5,34.1,23.2,17.5,25.6,34.4,69,47.4,45.3,29.5,27.9,8.6,10.5,54.3,41.9,28.5,29.9,68.5,,,,2024,,,,-7.4,70.8,65.6
TCU,112.06767,96.25627,0.85182926258846,4–6,4,10,45.8,52.6,35.2,40.5,18.5,19.2,36.6,28.8,69.9,42.6,53.9,35.2,33.3,9.6,11.5,57.3,55.9,31.6,35,70.2,,,,2024,,,,-0.8,76.3,73
"Middle Tennessee",103.39899298104,109.19344138768,0.34818054828674,6–4,6,10,48.1,48.2,44.1,31,18.3,13.7,24.4,30.5,68.4,42.3,47.4,37.1,33.5,7.4,11.6,49.3,43,43.3,28.6,67.5,,,,2024,,,,-2.1,75.9,75.8
Oregon,115.78199,99.97134,0.84402587658879,6–4,6,10,50.3,53.3,30.4,29.7,13.4,17.4,26.8,28.6,66.4,55.3,51.5,26.9,37.2,11.6,7.8,46.9,55,33.1,41.6,66.4,,,,2024,,,,1,75.7,73.7
Harvard,97.627638024706,105.02157597798,0.30162754027564,4–6,4,10,48.5,51,34.3,25.8,19.2,17.3,28.3,29.5,67.4,48.5,47.4,32.3,37.4,12.7,11.7,51.9,60.2,39.1,41.6,67.7,,,,2024,,,,-4.2,70.5,75.8
Florida,121.00233331253,101.72826240052,0.88030310839609,6–4,6,10,53.7,50.2,45,41.7,14.4,14,29.9,28.2,74.9,52.2,51.2,37.7,32,11.3,8.4,51.4,44,33.8,31.3,74.6,,,,2024,,,,0.5,76.1,76.7
"Saint Joseph's",110.22521,100.51346,0.74282254681678,5–5,5,10,50.5,49.1,28.6,24.4,17.4,16.2,28.7,26.6,66.4,53.4,50.4,31.7,31.2,9.8,14.9,57.3,48.8,49,35.2,67.5,,,,2024,,,,-1.6,70.5,80.3
"Saint Mary's",118.15382324863,95.943849399024,0.91641297523739,8–2,8,10,57.1,45.5,24.9,31.8,15,13.6,38.2,18,63.8,53.9,44.5,41.8,32,6.9,9.2,60,50.5,35.8,29,63,,,,2024,,,,0.6,64.9,75.6
"Texas A&M Corpus Chris",100.57381291667,101.49848875,0.47371227763545,7–3,7,10,49.2,45.7,34.2,39.9,17.2,18.4,34.2,25.7,69.3,50.1,45.9,31.1,30.2,7.6,8,52.2,43.4,27.7,34.2,68.8,,,,2024,,,,-2.4,75.2,67.4
"Ohio St.",114.1633,95.55031,0.88561730196686,7–3,7,10,51.7,47.4,36.8,32,16.6,15.6,30.5,27.3,70.9,50.5,47.1,36.1,32,12,7.7,54.2,54.3,32.1,35.9,69.9,,,,2024,,,,1.1,77.2,70.8
"Florida St.",113.71283412371,104.37317783505,0.72821614018178,4–6,4,10,51.5,55.1,36.3,36.3,15.9,20.2,27.8,37.3,70.9,53,52.7,32.2,39.4,11.3,8.9,44,49.6,31.2,36.9,70.9,,,,2024,,,,-1.1,74.6,73.8
"Seton Hall",113.273728107,96.348063894075,0.86543204728079,7–3,7,10,50.3,50.6,32.5,24.4,17.5,18.5,31.5,29.7,67.3,48.8,52.1,35.6,32.4,15,11.7,47.9,56,33.5,43.4,67.8,,,,2024,,,,1.6,77.1,79.2
"North Carolina",120.03373992676,92.11443786835,0.95454550137101,9–1,9,10,52.1,45.9,33.5,28.2,13.5,13.6,30.8,20.6,68.9,50.8,41.7,36.3,36.2,10.1,9.3,50.2,38.1,36.6,33.1,70.6,,,,2024,,,,3,76.5,71.3
"Houston Christian",99.933752726632,127.15341573907,0.058955976999843,1–9,1,10,48.1,57.9,41.3,30,18.9,13.2,30.4,33.2,71.3,48.1,58.2,32.1,38.2,4.7,10.6,41,47.5,31.8,32.4,71.5,,,,2024,,,,-7.8,68.2,77.2
Lehigh,101.14434023936,106.11687258865,0.36542065070599,7–3,7,10,50.3,49.7,32.2,26,15.6,18.1,21.8,21.8,66.6,48.5,50.8,35.6,31.8,8.2,12.3,49.8,48.2,37.5,37.7,68.8,,,,2024,,,,-2.2,77.1,66.4
Navy,96.252590838705,109.7003523137,0.18183982471041,5–5,5,10,44.6,47.3,33,30.9,16.1,16.4,33.6,29.3,63.1,43.3,46.2,31.4,32.8,7.5,11.1,53.8,52.6,33.9,35.2,65.8,,,,2024,,,,-4.5,70.4,74.3
"Santa Clara",107.3996704645,100.93055984991,0.67137931782944,5–5,5,10,48.9,48.2,33.2,32.7,17.7,13.4,36.6,21.8,69.4,51.7,50.1,29.6,29.4,6,7.1,54.5,44.4,37.9,32.5,68.9,,,,2024,,,,-2.3,72.5,70.3
"Loyola Marymount",108.73421124398,115.9952652267,0.32226256319414,2–8,2,10,52.6,55.1,21.2,26.2,15,10.8,27.4,29.4,64,49.6,52.8,38.4,39.4,7.2,10.1,44.7,54.3,37.2,36.2,62.9,,,,2024,,,,-5.5,70.7,68.8
Delaware,100.68690066156,103.03432303086,0.43412658024308,5–5,5,10,49.8,47.5,29.9,23.5,17.6,12.8,28.2,26.7,65.9,53.9,49.2,28.3,29.5,7.8,11.2,45,42,35.6,34.2,66.7,,,,2024,,,,-3.7,69.9,71.1
"Miami OH",92.482687281324,100.6305122695,0.27468289963467,4–6,4,10,46.8,47.5,26,24.4,17.2,19.6,23.5,30.8,67.9,43.3,47.6,34.3,31.6,11.1,10.1,57.1,46.2,43.2,37.8,68.2,,,,2024,,,,-5,69.8,72.4
"New Mexico",111.74478303,95.271135040816,0.8622544996361,6–4,6,10,46.2,46.4,29.8,29.1,12.8,15.7,34.9,26.9,69.5,48.1,47.9,27.7,29.3,15.4,9.8,48,54.3,29.8,40,71.7,,,,2024,,,,0,71.8,78.4
"Coppin St.",87.35033856903,117.4795435361,0.032050130432734,0–10,0,10,43.2,53.8,31.9,41.1,21.3,21.2,27.4,39.7,66.1,40.9,50.3,31.3,40.1,7.2,10.7,41.2,56.7,38.8,35.6,65.8,,,,2024,,,,-9.4,77.8,70.7
Temple,102.84216,101.12779,0.54818000309196,7–3,7,10,49,47.9,33.8,36.9,12.7,15.1,24.3,29.1,66.3,44.4,49.5,37.9,30.1,11.1,11.7,44.1,53.7,36.7,35.9,65.9,,,,2024,,,,-0.7,65.5,68.9
Monmouth,104.51784828759,111.41426938226,0.32413748698583,6–4,6,10,49.1,48.2,23.9,34.1,12.6,17.3,33.2,33.1,67.2,50.9,46.3,30.7,33.9,10.3,9,52,55.6,36.1,41.2,67.9,,,,2024,,,,-2.9,71.9,81.3
Southern,94.209164946808,105.75569882979,0.20923153959368,5–5,5,10,49.4,47.9,40.8,46.5,24.1,21.5,31.2,25.2,66.1,48.4,45.2,34,36.5,14.4,8.2,65.7,53.1,38.4,28.3,65,,,,2024,,,,-4.6,68.5,75.1
"Southern Miss",96.841373292016,106.37400495078,0.25356287327502,4–6,4,10,49,47.1,40.3,34.2,21.3,15.6,28.3,27.8,70.4,50.8,47.1,30.2,31.3,11.6,5.1,43.6,37.6,32.5,27.8,70.1,,,,2024,,,,-4.9,68.5,71.6
California,105.37505299674,102.8811986534,0.56842709001157,4–6,4,10,47.4,51.1,25.8,34.4,16,14.2,27.3,28.5,69.6,45.5,49.3,33.2,36.4,5.4,13.3,47,47.8,43.4,33.8,69.5,,,,2024,,,,-1.8,73.9,70.4
"Georgia St.",104.15954885109,111.00416144121,0.32477700187551,5–5,5,10,48.3,47.5,30.5,30.8,13.7,15.1,25.8,34.3,68.7,47.5,47.9,33.2,31.3,7.8,10.6,42.3,45.9,37.2,40,67.1,,,,2024,,,,-3.5,77,75
"Miami FL",104.59250195563,104.93968153342,0.49047381267748,0–10,0,10,46.4,54.8,18.6,26.4,16.4,15.4,27.6,31.4,66.9,44.9,50,32.2,40.1,8.6,10.9,52.3,61.3,43.3,47.5,67.1,,,,2024,,,,-5,64.3,70.3
Georgia,110.01493,97.02868,0.80915192617583,5–5,5,10,48.3,50.8,30.2,29.4,15,15.4,27,30.7,70.1,46.9,50.1,33.6,34.7,6.8,12.7,45.1,54.5,39.4,35.6,69,,,,2024,,,,0,68.6,71.3
"North Dakota",106.59816640628,107.98352830305,0.46294494564471,6–4,6,10,53.1,52.7,28.6,24.2,13.2,15.2,29.2,22.9,67.2,52.7,52.8,35.7,35,9.2,4.7,41.5,33.3,39.5,34.5,67.1,,,,2024,,,,-3.2,75,70.7
"Louisiana Lafayette",101.39177983601,105.09154426743,0.39839486007319,4–6,4,10,47.5,48.8,29.8,38.3,15.4,18.8,28.8,32.3,70.7,51.8,50.9,26.6,29.6,8.4,9.5,40.8,40.2,35.8,32.5,70.1,,,,2024,,,,-4.7,69.7,74.4
"Saint Louis",115.90215638298,116.11777468085,0.4946566729617,4–6,4,10,54.7,58.3,37.2,37,15.6,15.3,26.2,27.7,70.5,54,54.8,37.2,42,11.4,10.9,54.8,50.7,40.4,43.3,71.1,,,,2024,,,,-3.1,78.9,72
"Arizona St.",106.68660010855,101.59427753629,0.63701832900862,3–7,3,10,47.6,54.9,32.3,35.9,15.2,18,23.7,28,69.6,48.6,54.3,30.6,37.2,9.4,6.8,48.2,61.7,35.2,39.2,68.7,,,,2024,,,,-1.8,66.1,73.9
Iona,97.80134,111.65105,0.17901118454541,4–6,4,10,48.9,53.4,20.9,30.1,14.8,21.7,25.6,28.6,64.9,44.8,55.2,36.3,33.3,6.9,10,58.9,59.8,42,35.3,64.8,,,,2024,,,,-5.2,66.4,77.6
Stetson,108.53779102086,116.45578440214,0.30794326250742,7–3,7,10,52.7,53.9,39.8,25.5,14.4,14.4,27.9,32.7,68.2,52.5,53.8,35.2,36.1,9.5,7.3,41.8,43.9,37.1,35.4,67.7,,,,2024,,,,-1.6,76.9,74.7
Marshall,99.934793851512,108.69469923597,0.27562083388479,2–8,2,10,45.5,53.4,21,32.2,15.6,15.3,29.8,28.5,70.5,43.8,49.1,31.8,41.7,9.2,5.8,50,45,42.7,31.8,69.4,,,,2024,,,,-6,70.5,68
"Eastern Michigan",96.499089263879,108.21691053069,0.21116008842347,4–6,4,10,47.2,47.2,18.5,33.7,16.8,15.3,32.3,33.1,65.1,46.7,50.8,32,27.6,8.3,9.7,39.1,52.2,33,38.5,65.2,,,,2024,,,,-5,64.9,68.5
Niagara,97.864810869565,110.05794565217,0.20581650058668,4–6,4,10,51.4,51.2,36,31.6,19.8,16.7,21.5,24.8,66.6,52.7,49.9,32.6,36.4,6.3,8.2,53.4,43.9,35.8,27.6,66.9,,,,2024,,,,-5,72.4,72.3
Campbell,107.32905068518,117.67055828047,0.257714973681,3–7,3,10,55.4,55.3,33.2,20.9,15.2,14.2,23.5,31.1,68.6,52.9,54.2,39.4,37.8,5.5,11.3,54.6,52.3,40.2,44.4,69,,,,2024,,,,-5.3,72.3,75.2
Mercer,108.58374739069,111.15320682054,0.43316264422386,6–4,6,10,52,52.4,28.7,35.9,14,15.6,30.1,32.2,67.2,50.6,53,37.3,34.3,10.4,6.3,44.3,46.6,26.4,40.2,67,,,,2024,,,,-2.2,69.8,73.1
Lindenwood,90.264980666449,114.67827940059,0.059924079057921,2–8,2,10,41.9,55.3,36.6,37,16.2,18.8,24.3,28.6,67.1,41.8,53.5,28.1,39.2,7.3,12.3,36.9,48.5,30.1,33.6,67,,,,2024,,,,-7.2,73.1,73.4
"St. Bonaventure",111.49010204082,107.17414959184,0.61159661573653,6–4,6,10,52.4,53.4,39.6,31.9,16.9,18.7,25.2,30.5,65,49.9,51.3,38.1,37.4,12.6,9.2,50,63,35.1,43.3,64.7,,,,2024,,,,-1.7,77.5,70.9
"Oregon St.",107.78261592686,105.46412824614,0.56219454349548,2–8,2,10,50,54.6,27.2,31.2,16.6,16.9,25.7,29,65.1,50.7,54,32.4,37,10.1,7.4,44.9,55.7,34.1,39.5,64.9,,,,2024,,,,-4.1,77.3,70.5
Lipscomb,110.48286813103,118.07757536646,0.31766234712515,7–3,7,10,58,54.8,28.9,23,12.9,15.1,23.5,29.9,70.3,55.9,54,41.3,37.6,7.5,10.1,44.3,38.3,34.5,36.3,69.7,,,,2024,,,,-2.3,81.6,71.7
"Kennesaw St.",102.77405215967,116.74583284793,0.18757232872657,2–8,2,10,51.2,55.1,31.6,44,15.8,15.4,32,28.2,72.5,51.8,50.9,33.5,40.8,9.5,11,49.8,49.1,41,41.3,73.3,,,,2024,,,,-7.1,64.9,73.2
"James Madison",113.82861,104.07406,0.73697367539861,9–1,9,10,54.8,49.1,44.2,35.6,15.4,16.9,31.1,28,69,52.3,48.8,39.2,33,8.6,10.6,51.7,46.4,38.4,37.7,68.4,,,,2024,,,,1.2,69.6,75.2
Georgetown,111.00352257158,113.96832288284,0.42479398498644,1–9,1,10,48.3,61.4,30.3,38.8,16.7,14.6,32,26.7,66.4,44.1,62.7,36.6,39.9,7.1,12.1,48.5,61.5,38.6,43.6,66.8,,,,2024,,,,-4.1,70.5,71.7
"USC Upstate",98.60741367603,104.97755791435,0.32741463686264,4–6,4,10,51.5,48.7,29.4,42.9,16.9,18.9,21.1,34.9,68.9,53.4,50,32.5,30.8,9,9.6,46.1,41.6,40.2,34.4,69.6,,,,2024,,,,-4.7,66.3,68
"Morgan St.",96.612011777089,112.10371788712,0.15312528982685,5–5,5,10,47.8,47.6,36.9,40.6,18.8,18.1,30.4,36,70.5,52.3,45.4,22.5,35.2,9.9,7,45.4,48.4,23.8,29.6,70.5,,,,2024,,,,-4.4,79.4,66.9
"New Hampshire",94.318703185215,109.9527944213,0.14631834175535,3–7,3,10,45.2,55.2,27.2,28.9,17.3,17.3,23.7,21.6,71.1,47.5,56.5,28.4,35.6,6.2,16.8,42.1,52.5,46.7,41.4,71.3,,,,2024,,,,-5.5,76.8,68.9
"Iowa St.",111.28187,83.93179,0.96244650110396,9–1,9,10,49.7,45,30,29.9,14.5,25.2,26.6,31.5,65,48.5,49.1,34.8,26.3,11,11.6,57,55.4,33,43.5,65.6,,,,2024,,,,3.6,71.8,69.5
Vermont,102.39320736095,95.413581965043,0.69251286143516,9–1,9,10,49.5,44.3,36,31.9,14.6,17.2,22.2,24.2,67.1,50,45.8,32.7,28,13.7,14.8,54.9,41.2,44.1,38.1,64.2,,,,2024,,,,0.5,71.5,73.4
Purdue,128.36386480366,97.965982585856,0.9572157662966,8–2,8,10,56,47.3,40,23.6,16.5,12.9,39.6,25.3,65.9,52,48.3,42.8,30.2,9,7,71,46.5,32.8,33.8,66.9,,,,2024,,,,2.6,75.4,79
Drake,118.39798969072,102.78468175258,0.83565901865623,8–2,8,10,54.7,52.6,33.5,32.9,12.6,15.9,22.6,23.4,68.3,50,51.6,41.4,36.3,3.5,8.2,59.6,43.3,38.7,35.2,68.3,,,,2024,,,,0.9,77.1,72.8
"Mississippi St.",115.90559,98.72945,0.86348193716914,4–6,4,10,52.3,51.8,37.9,32,19.1,19.4,36.6,32.5,67.1,52.9,53.1,34.1,33.2,6.8,13.2,47.1,50.8,36,40.3,66.4,,,,2024,,,,-0.5,66.7,79.7
"Holy Cross",100.83676801964,123.20451994055,0.090797102806397,3–7,3,10,48.9,55.3,26.9,29.7,14.6,11.3,24.1,22.9,63.8,47.6,50.9,33.9,41.4,9.8,7.9,45.6,55.9,39.4,39.4,66.3,,,,2024,,,,-6.1,69.5,68.1
Houston,122.60136308962,88.571074928604,0.97677500494582,9–1,9,10,53.3,44.8,30.1,39.9,14.2,23.3,31.5,37.6,64.3,52.5,43.8,36.2,31,14,8.8,51.7,54.5,41.6,37.3,64.5,,,,2024,,,,4.2,71.6,74.3
Hampton,92.34102557714,107.7734878259,0.14464347972132,4–6,4,10,43.2,49.8,26.9,25.7,15.9,14.8,28.7,30.3,67.8,43.2,52,28.9,30.9,12.7,7.4,47.6,54.4,37.2,38.4,69.3,,,,2024,,,,-4.7,72.4,71.5
"Western Michigan",97.996352316785,110.37450560284,0.20295730441936,4–6,4,10,45.9,49.6,32.1,28.9,17.9,15.3,32.8,29.1,68,44.9,50.1,31.6,32.5,9.8,6.5,47,48.5,40.8,39.1,68.6,,,,2024,,,,-4.9,68.2,75.4
"New Mexico St.",101.53670868768,113.17632482951,0.22303684481994,3–7,3,10,48,52.4,27,35.1,15.2,13.7,25.1,31.2,65,48.2,51,31.7,36.4,10,8.2,42.3,52.3,35.3,38.7,64.4,,,,2024,,,,-5.2,57.9,71.5
"Ball St.",100.10486195158,107.89024569658,0.29706646857604,4–6,4,10,47.5,50.1,37.9,25,16.6,18.2,26.5,31,67.7,46.5,49.1,32.9,34.5,8,9.2,52.8,47.4,37,36.4,68.2,,,,2024,,,,-5,75.8,68.6
Milwaukee,108.81772836735,112.81217346939,0.39781566303397,8–2,8,10,52.3,49.1,38.8,30.6,17.3,14,37.4,29.6,71.3,55.9,50.5,30.6,31.1,10.3,9.7,53,55.8,36.2,37.9,71.9,,,,2024,,,,-1,75.2,71.1
Portland,107.44841761048,113.7083469058,0.34271962039884,4–6,4,10,49.7,56.6,26.4,14.4,13,10.4,22.9,26.9,64.7,46.8,52.7,35.6,41.3,4.1,9.8,52.3,53.8,43.6,42.5,65,,,,2024,,,,-2.9,73.2,75.8
Albany,107.44599394273,113.5862662752,0.34544910106578,2–8,2,10,52.2,53.1,20.9,40.8,14.7,16.8,27.5,29.4,73.5,51.9,56.6,35.2,30.3,7.3,11.2,39.3,45,39.9,31.4,72.2,,,,2024,,,,-6.6,75,75
"Washington St.",112.22676,97.11452,0.84067399772929,6–4,6,10,48.7,50.6,29.8,29.5,18.8,15.6,36.4,24.6,64.9,49.9,50.9,31,33.3,10.2,5.9,49.6,47.6,34.9,28.4,63.9,,,,2024,,,,0.3,73.1,67.3
"Tarleton St.",112.61309,105.70783,0.67430220087216,7–3,7,10,51.9,50.6,32.5,27.2,13.6,19.3,28.5,30.3,69.9,53.7,52.1,32,31.9,9.8,6.7,53,43.1,31.9,34.9,69,,,,2024,,,,-1.8,77.3,71.4
"San Francisco",114.39866089732,99.578401905643,0.83139648815526,5–5,5,10,53.7,51.3,21.6,40.2,13.7,16.9,24.5,27.6,66.2,53,50.3,36.4,35.4,8,6,54.3,51,39.2,35.6,66.3,,,,2024,,,,-1.2,73.8,71.4
Bucknell,97.32608524131,103.0189957326,0.34214879806294,5–5,5,10,50,45.2,26.6,30.6,17.6,16.8,26.1,28.9,62.9,52.3,48.2,31.7,27.1,10.5,12.1,51.9,59.1,48.5,39.5,64.8,,,,2024,,,,-4.2,65.5,66.9
Connecticut,129.8959019918,92.319916816121,0.98067696017411,9–1,9,10,56.3,44.5,28.2,26.5,13,13.7,33,25.4,65.6,59.1,43.5,34.5,30.9,14,8.2,66.3,41.9,38.7,35.3,65.9,,,,2024,,,,4.3,76.9,78.7
"Southern Indiana",100.51859715592,115.64521609279,0.16629461836554,2–8,2,10,47.3,49.4,41,53.1,16.6,16.9,26.1,30.6,69.1,46,50,32.9,32.2,8,11.8,44.2,49.6,38.3,37.4,69,,,,2024,,,,-7,75.8,77
"Florida Gulf Coast",102.65570532905,104.52223389206,0.44837969582676,5–5,5,10,54.1,49.2,22.6,26.7,16.2,16.6,26.8,28.5,65.5,53.8,50.1,36.4,31.9,11.6,7,42.6,51.6,37.9,41.5,64.2,,,,2024,,,,-4.1,73.6,71.2
"San Jose St.",100.42443943943,108.63073692421,0.28837052535284,1–9,1,10,48,56.1,19.1,35.6,16.2,16.5,18.2,29.7,64.9,48.7,53.4,31.3,40.2,7.1,8.8,53.6,67.2,38.6,40.2,66.5,,,,2024,,,,-5,73.6,70.6
"Utah Valley",100.40956990497,96.027503532644,0.62554767673474,7–3,7,10,49.4,44.2,24.3,29.9,17.5,17,32,24.9,67.3,50,43.8,31.7,30,13.7,6.7,58.2,62.6,23.6,30.9,67.1,,,,2024,,,,-1.7,63.7,71.3
Missouri,109.73556165537,107.52227843114,0.55831277103726,0–10,0,10,47.9,54,41.6,48.6,18.4,16.7,26.1,38.2,68.4,50.1,53.5,29.4,36.4,12.9,12.8,43.2,54,36.9,40.1,67.3,,,,2024,,,,-5.2,81.1,71
Cincinnati,113.36539,93.02332,0.90672678268024,6–4,6,10,51.4,47.5,21.5,33.5,16.4,18.4,31.8,26.9,67.7,52.2,44.2,33.6,35.5,12.2,9.3,50.9,55.6,41.7,37,67.9,,,,2024,,,,0.6,71.1,75.9
"South Dakota St.",110.72835636364,101.67992979798,0.72718267637569,8–2,8,10,57.6,50.1,31.6,22.6,15.6,15,21.1,21.3,65.8,57.5,51.1,38.5,32.6,8.1,6.7,45,45.1,42.5,47.1,66.5,,,,2024,,,,-0.2,74.4,72.5
"Boston University",103.73321372958,111.27953145062,0.30840976198128,7–3,7,10,51.5,51,33.8,37.7,17.1,17.7,28,26.8,64.2,50.2,49.1,35.7,35.9,13.3,9.1,58.8,48.7,40.5,40.4,65.7,,,,2024,,,,-2.5,80.7,64.9
"Air Force",107.02737506197,115.78483496161,0.28813421905402,1–9,1,10,52.3,57.8,25.4,45.9,17.9,16.3,21.6,34.2,61.5,54.5,59.3,33.3,36.4,9.7,13.3,57.4,43.8,49.7,32.3,61.4,,,,2024,,,,-5.2,67.4,77
"Texas Tech",114.5404,99.20869,0.83923847684051,5–5,5,10,49.6,50.5,35.8,31.7,17.9,15.4,28.7,29.9,68.9,50.3,53.6,32.4,30.1,4.2,9.2,56,48.1,42.8,36.7,69,,,,2024,,,,0.4,79.4,75.1
Bradley,109.26672204082,96.368474489796,0.80915776070771,6–4,6,10,52.4,44.5,28.6,37.5,17.8,16.8,25.4,27.6,66.8,52,43.7,35.3,30.5,13.5,7.9,47.2,46.7,40.5,40,67.3,,,,2024,,,,-1,80.4,73.7
Troy,108.57502997122,102.04058230937,0.67124354852178,6–4,6,10,50.9,49.7,42.2,41.8,19.4,21.8,33.7,33.3,71.2,51.8,48.3,33,35.2,8.4,10.5,45.2,42.6,38.3,32.2,71.1,,,,2024,,,,-2.6,75.7,72.5
Gonzaga,131.13059073019,101.42443491624,0.95045766880473,9–1,9,10,61.5,48.1,29.2,23.8,13,14.7,32.1,31.5,66.8,59.6,43.7,44.2,37.5,11.1,4.5,57.7,55.2,28.2,34.7,68,,,,2024,,,,2.8,77.2,68.2
"South Florida",115.33667,100.25464,0.83363809075236,7–3,7,10,53.1,47.8,41.1,37.3,15.5,17.7,27.5,32.9,69.6,51.1,47.2,37.1,32.5,9.2,8.5,58,47.8,43.7,38.5,69.2,,,,2024,,,,-0.4,75.5,67
Stonehill,93.825729519028,118.68831944644,0.062784184246085,2–8,2,10,49,54.3,24.1,25.5,18.1,16.1,24.9,27.3,65.9,52.9,50,29.8,39.8,7.8,12.2,58.3,58.2,47.3,43.8,66.5,,,,2024,,,,-7.5,69.6,69.2
"Loyola MD",93.347820485243,112.38077622226,0.10584113051204,3–7,3,10,44.7,52.7,30.8,34.3,17.4,15.8,30.2,21.9,63.9,41.8,54.7,32.9,32.8,5.7,10.3,52.8,51.6,38.6,36.2,65.9,,,,2024,,,,-6.4,67.4,72.1
Belmont,113.22242533552,96.165797991917,0.86734966389267,8–2,8,10,56.5,44.1,30.5,25.3,15.4,14.3,23,27,71.3,57,44.8,37.3,28.6,8.4,9,56.7,51,45.3,37.2,72.1,,,,2024,,,,-0.1,72.2,70.7
Siena,92.662916022347,115.15902403788,0.07589500148148,1–9,1,10,44.8,51,27.3,28.2,20.8,14.6,32,30.3,64.3,44.1,51.1,30.7,33.9,11,8.1,54.7,56.6,36.4,38.4,64.5,,,,2024,,,,-8,76.5,74.7
"Southern Utah",102.54723923436,111.57863016098,0.27474721625475,2–8,2,10,49.3,51.4,32.6,31.9,18,16.3,26.9,32.9,71.6,51.9,49.4,29.6,38.4,8.4,8.2,51.7,48.4,34.6,25.6,70,,,,2024,,,,-6.3,68,71.2
Pittsburgh,124.4065306365,100.20277503705,0.92330521313146,7–3,7,10,53.7,52,24.7,34.7,10.8,15.5,28,22.9,65,48.8,53.6,39.9,32.6,9.2,8.8,50.9,53,44.1,34.5,65,,,,2024,,,,1.6,74,77.8
Montana,110.51368,109.96647,0.51426708855895,7–3,7,10,58.5,47,33.2,35.1,17.8,12.5,23.7,31.6,66.1,59.9,47.8,37.6,30.2,6.4,6.3,51.9,36.1,40.2,32.8,66.7,,,,2024,,,,-2,79.5,71.4
"LIU Brooklyn",93.867930296472,108.44742840009,0.15971738624944,3–7,3,10,47.6,48.6,33.2,46.9,20,17.5,30.6,25,72.5,46,50.3,34.9,30.4,11,10.3,54.9,54.8,24.3,35.3,72.4,,,,2024,,,,-6.3,62.7,66.4
Massachusetts,110.96508707758,101.41809431794,0.73780424537195,6–4,6,10,49.5,48.7,32.7,35.9,16.7,16.2,34.1,29.1,65.9,51.6,49.6,30.9,31.6,7.4,9.6,55.4,56.1,40.6,37,66.7,,,,2024,,,,-1.4,70,72
"Mount St. Mary's",103.94961495837,110.0061726827,0.3427085956635,4–6,4,10,56.1,50.9,27.2,23.1,20.6,14.9,28,26.3,70.5,53.5,48.8,41.1,36,10.4,6.7,47.2,50.9,31.6,39.5,70.4,,,,2024,,,,-5.1,73.5,74.7
Bryant,101.91539115232,103.32260237836,0.46065609918336,6–4,6,10,51.9,46.3,29,29.1,16.5,16.3,23,28.3,74.4,53.3,44.4,32.9,33.2,15.6,7.5,48.8,43.7,35.2,36,73.8,,,,2024,,,,-2.8,70.2,73.2
Syracuse,120.10144093772,106.67895013115,0.79623029363817,6–4,6,10,56.5,56.6,35.2,26,14,19.4,19.3,33.5,70,56.4,55.8,37.8,38.8,7.9,6.4,48.1,51,31.7,35.9,69.9,,,,2024,,,,-0.2,73.5,81.3
"Jacksonville St.",103.40990302966,108.54146098205,0.36425063434458,3–7,3,10,46.7,54.4,42.4,32.1,19.2,17.6,34.9,22,67,44.6,50.7,34.9,40.6,9.9,7.4,46.2,50.4,26.8,35.9,66.2,,,,2024,,,,-5.5,69.1,72.1
"McNeese St.",111.298038268,98.029622900351,0.81150699933569,9–1,9,10,54.4,47.4,38.3,34.3,13,24.1,34.3,31.1,67.6,54.3,47.3,36.4,31.6,12.7,8.5,53.5,55.9,35.1,46.9,66.2,,,,2024,,,,0.2,70.2,71
Quinnipiac,106.38015038498,105.36106922618,0.52764594238702,5–5,5,10,51,48.1,24.6,30.1,16.9,18,32.5,28.1,69.1,49.8,45.3,35.6,35.4,8.6,11.7,52.3,47.5,32.9,35.6,70.2,,,,2024,,,,-4.1,74.8,76.4
"Rhode Island",103.30862222222,108.21317491228,0.36972511451076,2–8,2,10,49.8,53.2,38.6,29.2,17.6,14,26.1,27.7,69.5,50.7,55.1,32.2,33.7,9,13.2,47.6,57.7,35.4,41.9,69.3,,,,2024,,,,-5.6,69.1,66.9
"High Point",113.11044229266,106.36178844985,0.66983983438561,7–3,7,10,52.2,48.1,35.2,38.5,16.4,14.5,37,28.8,69,53.6,48.4,33.6,31.7,7.7,7.4,41.8,41.9,42,29.5,69.9,,,,2024,,,,-1.9,78.8,68.5
Radford,109.18562505162,116.05919514944,0.33134991877504,3–7,3,10,50.2,53,32.2,27.4,14.5,14.6,32.3,36.6,64.9,50.2,55,33.3,33.7,8.9,6.8,39.1,51.3,28.7,45,64.8,,,,2024,,,,-5.5,73,64.9
"East Tennessee St.",105.9500044898,104.01193959184,0.55287871183299,6–4,6,10,50,52.6,37.9,39.9,18.4,20.9,37,29.2,69.8,47.6,53.8,35.9,33.9,11.9,10,44.5,47.4,38.1,41.5,68.2,,,,2024,,,,-2,63.1,69.3
Duquesne,107.92654,93.47814,0.83927138309733,9–1,9,10,51,48.5,26.2,31.3,17.2,19.3,30.8,28.4,63.8,49.4,51.1,35.9,29.9,12.7,10,55.8,55.6,35.5,41.9,64.4,,,,2024,,,,2.7,75.3,74.5
"Virginia Tech",118.2168,102.52277,0.83726343439556,5–5,5,10,53.1,52.4,29.7,29.7,13.5,15,22.3,24.8,68.8,57.5,53.3,30.7,33.7,5.6,9.5,53.8,48.7,39.2,31.7,69.1,,,,2024,,,,-0.8,78.9,77.3
VCU,113.05495,98.85255,0.82401838818838,6–4,6,10,53.3,49.6,33.5,33.4,18,18.6,26.9,27.4,64.8,53.5,49,35.3,33.6,14.4,6,51.5,54.8,47.5,45,65.5,,,,2024,,,,-0.3,75.6,72.9
"North Dakota St.",101.13567000796,110.7272339454,0.26076816370257,5–5,5,10,54.8,51.8,29.1,22.4,17.8,12.3,23.8,22.4,64.2,54.8,50.3,36.5,36.1,3.6,8,39.6,37.9,38.2,39,64.9,,,,2024,,,,-4,76.3,72
"Northwestern St.",96.153945676648,109.36006955734,0.18542799526753,3–7,3,10,47.5,47.4,36.2,47.4,17.2,19.9,32.4,34.7,66.5,47.5,48.1,31.7,30.8,8.8,11.8,42.2,49.4,27.9,37.2,66.1,,,,2024,,,,-6.4,63.1,66.4
Fairfield,107.376,109.5047,0.44379999812914,7–3,7,10,50,53.3,29.3,23.8,13.5,20.1,26.7,28.2,67.2,51.4,53.4,32.2,35.4,5.7,9.9,45.1,48.7,45.5,37.6,68.4,,,,2024,,,,-1.9,76.4,67.9
Arkansas,115.46056326531,105.25325204082,0.74353736980673,4–6,4,10,51.8,52.5,44.3,48.5,16,15.2,23.4,31.8,72.4,54.4,55.6,31.3,30.3,12.5,8.2,46.5,43.8,34.7,30.7,72,,,,2024,,,,-1.5,84.4,72.3
"Cal St. Bakersfield",104.02117413917,107.32707141321,0.41100942359466,4–6,4,10,50.1,49.3,34.5,50.7,19.3,18.1,32.8,25.6,66.2,47.8,49.2,37.2,33,9.7,7.5,45.5,50.5,28.6,36.2,66.1,,,,2024,,,,-4.5,77.7,77.6
"George Washington",110.0431203027,116.3330004365,0.34542253647909,1–9,1,10,52.3,54.8,30.4,24.8,14.6,11.1,23.5,27.3,65.8,48.7,53.2,37.7,38.4,8.7,10.3,48.8,51,46,37.1,66.3,,,,2024,,,,-6.2,75.9,78.7
"UNC Asheville",104.93646792845,106.51789457798,0.45710177599073,7–3,7,10,52.1,49.1,35.4,32.4,15.3,18.5,24.2,30.9,67.9,53.1,46.4,33.8,35.8,12,7.6,60.5,50,39.6,37.3,68.1,,,,2024,,,,-1.9,76.1,67.2
Dayton,117.81843505155,104.71269742268,0.79513004029841,6–4,6,10,56.9,52.8,35.2,25,17.5,16.3,24.4,24.4,65.9,53.5,54,40.9,34.1,9.9,13.4,55.9,54.1,44,43.6,66.1,,,,2024,,,,-0.5,76.1,78.3
"Stephen F. Austin",97.927391914894,103.62733212766,0.34285200857175,4–6,4,10,47.4,51.6,43.8,39.1,20.9,22.8,28.5,32.2,67.6,45.4,48.8,34.5,37.3,8.5,12,52.2,57.7,31.5,38.8,66.7,,,,2024,,,,-3.8,67.9,73.5
"Arkansas St.",112.89274,105.52052,0.68495256485784,7–3,7,10,49.8,51.6,30.4,26.1,14.2,15,35.7,24.6,68.8,51.7,50.1,31.3,37.2,9.8,11.5,49.6,36.6,38.3,26.1,67.9,,,,2024,,,,-1,71,75.6
Army,89.875118235658,111.04142520896,0.080761495625691,4–6,4,10,48.3,49.5,26,29.8,17.5,16.1,23,24.8,62,47.9,50,32.6,32.6,13.2,9.3,52.7,57,41.9,42.6,63.3,,,,2024,,,,-5.6,59,75.2
"Southeast Missouri St.",93.110714147659,114.27663289994,0.08662343793096,2–8,2,10,45.6,50.6,26.4,40.9,14.6,16.6,23.5,30.7,68.6,44.3,53.9,32.4,29.1,5.8,9,48.1,48.8,30.2,32.4,68.7,,,,2024,,,,-7.2,75,73.5
Binghamton,102.82355340608,108.97562504823,0.33888599056396,5–5,5,10,51.7,48.7,32.9,34.3,18.1,12.9,27.9,21.8,67.6,52.3,46.6,33.5,34.5,9.9,13,54.6,40.2,31.7,40.7,65.1,,,,2024,,,,-3.9,69.4,77.3
"George Mason",109.82251346902,99.88844137036,0.74844443673727,5–5,5,10,51.4,49.2,38,31,20.7,17.2,32.7,26.6,62.4,53.2,47.4,32.3,34.3,12.3,11.1,45.2,57.5,37.6,44.3,62.3,,,,2024,,,,-2.4,73.3,71.8
"Old Dominion",97.136156463285,108.38520667979,0.22094870521873,1–9,1,10,45.9,49.5,29.2,42.5,15.7,17.3,25.8,31.9,70.3,45.4,47.8,31.2,35.1,13,11.5,38.5,52.5,36.1,35.1,70,,,,2024,,,,-7.3,66.5,70.2
"Green Bay",101.00180825533,112.05602121284,0.23247364968777,5–5,5,10,49.8,50.3,35.7,36.1,15.9,14.6,28,29,67,52.7,53.9,31.2,29.3,4.9,13.8,53.9,51.9,48.1,35.6,66,,,,2024,,,,-4,71.7,76.4
"UNC Greensboro",110.26206672004,109.9934746072,0.50701142032165,5–5,5,10,55.1,53.1,27.3,37.6,18.3,19,30.5,29.4,64.9,49.3,48.1,41.3,40.2,8.8,5.7,54.2,50.4,45.8,41.6,64.4,,,,2024,,,,-3.5,78,75.8
"Little Rock",107.90644963549,102.68074527009,0.63896167291899,8–2,8,10,55.8,44.9,28.4,27.6,17.6,18.2,29.8,29.1,66.9,55.6,43.1,37.7,31.6,15.3,7.5,50.9,51.3,26.1,40.7,67.9,,,,2024,,,,-1.2,81.8,69.6
Detroit,102.43999398894,116.93934868049,0.1791158159487,1–9,1,10,54.5,56,33.8,30,18.5,16.9,23.7,35,67.7,58.2,58.2,32.2,34.9,8.2,7.4,46.9,50.5,37.1,36.9,66.3,,,,2024,,,,-7.5,72.9,79.4
"Austin Peay",113.81533018483,123.10226410918,0.28863159811801,7–3,7,10,54,55.3,41.2,38.2,11.6,12.9,30.3,30.4,67.3,53.3,54.7,37.1,37.7,3.9,11.5,35,35.7,33,30.8,66.6,,,,2024,,,,-2.4,79.7,72.7
Rutgers,100.90799649473,95.328596666667,0.65793658634713,3–7,3,10,44,50.3,31.2,41.6,15.3,21.2,26.9,32.7,66.6,43,46.2,30.7,37.8,16.3,11.7,53.5,60.3,30.8,39.1,68,,,,2024,,,,-2.2,66.3,69.4
"Nicholls St.",107.51194384191,109.17086118692,0.4560907075555,7–3,7,10,56.2,48.6,39.5,45.5,20.7,16.2,28.1,27.9,67.7,52,51.1,40.9,29.5,7.6,12.9,56,48.8,44.6,36.1,68.1,,,,2024,,,,-1.6,73.8,71
"Sacramento St.",102.12603038255,107.61347134752,0.35391158197144,4–6,4,10,52.1,54.5,35,32.2,21.8,18.6,34.8,26.1,65.6,48.2,58,38.4,33.2,8.5,10,55.5,54.2,41.9,42.2,64.9,,,,2024,,,,-4.8,71.1,73.5
"William & Mary",98.887021529541,108.83056064802,0.24939097078907,2–8,2,10,45.7,48.8,24.2,37,15.9,14.5,30.5,32.3,64.8,44.8,48.8,31.1,32.4,5.1,16.5,51.9,44.9,47.8,33,65.6,,,,2024,,,,-6.3,66.4,72.9
Colgate,101.74148530612,101.06692183673,0.51911589243895,8–2,8,10,55.2,47.2,34.3,21.2,14.5,16.2,21.7,23.6,65.3,58.9,47.8,31.6,31,11.3,5.6,50,47,32.2,41.8,66.8,,,,2024,,,,-1,67,65
USC,111.90636452611,97.28205779712,0.8334878814173,6–4,6,10,52.5,52.5,33.5,32.8,16.5,20.2,22.9,31.9,68.7,51.6,50.1,36,37.4,14,8,57.2,58.9,34.5,40.1,67.2,,,,2024,,,,1,68.1,75
Merrimack,94.352352050384,101.49466917977,0.30171259595768,8–2,8,10,50.8,47.2,34.5,30.8,18.9,23.8,23.1,31.7,68.8,51,48.1,33.8,30.1,10.5,10.5,48.1,52.7,43.3,29.9,68.1,,,,2024,,,,-1.7,75.4,64.9
UNLV,112.3617865267,94.100406722986,0.88489840137385,7–3,7,10,50.3,45.4,40.9,28.8,18.4,16.3,32.1,30.5,63.7,48.1,47.5,36.2,28.5,14.7,9.4,44.5,62.5,34.5,44.2,65.3,,,,2024,,,,0.5,77.2,75.8
"Illinois St.",107.79452884742,108.347977032,0.48528093991717,4–6,4,10,51.7,51,31.1,21.6,16.4,14.6,27,28.9,62.9,51.3,55.9,34.9,29.9,7.7,7.2,59.3,49.2,35.4,43.7,63,,,,2024,,,,-3.5,73.5,73.4
Manhattan,95.661662738205,116.08104469935,0.097535198271352,2–8,2,10,47,54.6,25,27,16.7,17.8,23,31.5,66.3,46.2,51.3,32.2,40.8,8.2,11.1,63.7,65.6,36.1,33.5,67.4,,,,2024,,,,-7.2,73.6,71.4
Princeton,113.95540638298,107.73725446809,0.65594723221862,8–2,8,10,54.3,55.1,30.3,27.9,9.6,17.5,22,22.2,66.4,55.6,58.7,35.5,33.5,1.9,8.4,54.9,50,53.2,42.2,67.2,,,,2024,,,,-0.6,80.3,70.4
Utah,115.59084,98.40914,0.86419927454391,6–4,6,10,55.1,48.2,27.3,27.5,15.2,12.4,26.1,24.3,70.4,55,48.9,36.7,31,9.4,7.8,59.7,44.8,43.2,32,70.2,,,,2024,,,,-0.3,67.7,73.8
"Louisiana Tech",107.50391920162,104.26031990517,0.58717987889147,6–4,6,10,50.3,48,38.1,34,18.4,18,33.9,28.5,67.3,49.7,44.4,34.3,35.6,15.6,6.8,45.4,46.3,31.3,39.8,66.6,,,,2024,,,,-2.6,71.8,74.5
"Youngstown St.",106.43311505228,107.68390888727,0.4664606479714,6–4,6,10,48.6,50.3,34.2,30,15.1,15.6,36.1,29.9,70,51.7,50.1,29.5,33.8,11.3,8,48.2,54.7,42,37.6,69.7,,,,2024,,,,-2.8,77.8,72.2
Jacksonville,97.960391150484,108.61957066888,0.23364971408235,5–5,5,10,46.5,51.5,35.7,37.6,15.5,18.4,39.1,26.7,65.3,44.6,51.1,33.7,34.7,5.2,9.8,39.8,43.3,31.9,42.1,64,,,,2024,,,,-4.1,69.4,75.3
"Tennessee St.",97.080690209142,109.96198908056,0.19266107414141,5–5,5,10,48.4,47,41.2,44.5,21.5,17.4,30.2,31.2,69.5,50.4,45,29.8,33.8,9.7,10.3,46.8,52.4,34.9,34.5,69.5,,,,2024,,,,-4.3,76.1,73.4
Stanford,109.02597553621,103.43398712229,0.64691461771679,3–7,3,10,52.7,55,29.4,23.6,17.5,17.5,23.4,30.2,69.6,54.6,53.6,33.3,38.2,8.8,7.8,49.4,51,42.3,39.3,69.5,,,,2024,,,,-2.8,68.4,66.2
Longwood,109.68961117794,106.71112500303,0.57849208279205,7–3,7,10,52.9,54.9,39.4,43.8,18.7,19.6,34.9,27.9,66.5,48.9,53.8,40.9,37.4,5.8,9,50.6,55.8,31.8,47.2,66.9,,,,2024,,,,-0.7,75.2,71.1
"Sacred Heart",102.83708322405,111.98674368851,0.27285278094537,6–4,6,10,54.1,49.7,31.1,30.7,16,18.6,24.6,30.1,69.8,50.8,47.3,40,35.4,14.3,8.6,57.4,57.8,35.4,41,70.4,,,,2024,,,,-3.6,66.7,68.7
"Western Kentucky",108.36487828283,104.22165808081,0.61023898297294,5–5,5,10,52,50.6,33.5,35.4,17.8,18.4,28.7,25.1,74.6,52.7,47.4,33.8,36.5,10.8,12.6,45.6,52.3,33,43.5,75,,,,2024,,,,-3.2,76.3,64.5
"UT Arlington",119.5912679798,107.45639636364,0.7738953659611,8–2,8,10,57.7,50.2,40.1,45.3,18.9,18.7,33.4,28.2,71.5,57,50.3,39,33.3,10.8,10,59.4,56,43.2,37.9,71.1,,,,2024,,,,-0.4,76,76.5
Fordham,101.89178306122,102.27205897959,0.48929166552613,3–7,3,10,44.4,51.9,31.3,49.1,18.3,18.8,33.7,27.5,65.3,43.8,51.6,30.2,34.9,13,12.7,50.9,54.6,44.9,37.4,66.7,,,,2024,,,,-3.8,69.4,69.4
"Alabama St.",92.587425531915,109.66118991135,0.12495899653264,2–8,2,10,40.4,47.4,28.5,42.4,15.3,19.4,33.8,30.5,66.7,40.8,42.7,26.5,37.4,11,15.9,47.8,49.6,41.9,35.5,66.8,,,,2024,,,,-7.4,74.1,76.4
"Wichita St.",104.85871151515,102.30369737374,0.5704487526039,5–5,5,10,50.3,48,25.7,35.2,17.5,14.7,32,27.9,67.3,48,48.2,37.1,31.7,8.8,12.2,49.8,54.2,30.8,32.3,67.3,,,,2024,,,,-2.8,70.3,71.8
Oakland,108.55964213609,102.19937091641,0.66692352420921,8–2,8,10,53.1,48.4,34.2,25.8,14.7,15.7,29.1,27,67.5,49.2,47.8,38.7,32.9,10,10,59.9,63.6,43.6,38.4,65.8,,,,2024,,,,-0.3,76.1,74.8
"Boise St.",115.16380111192,97.7301932204,0.86848924780445,6–4,6,10,50.4,51,35.1,33.2,14.9,15.8,35.8,20.3,66.2,51.3,51.7,32.8,33.3,7.3,10.9,45.9,51.4,41.1,40.4,66.2,,,,2024,,,,-0.2,76.4,68.1
