name,adjoe,adjde,barthag,record,unknown,games,efg,efgd,ftr,ftrd,to_rate,to_rate_d,orb,orb_d,unknown,two_pt_pct,two_pt_pct_d,three_pt_pct,three_pt_pct_d,block_pct_d,block_pct,ast_rate,ast_rate_d,three_pt_rate,three_pt_rate_d,adj_tempo,unknown,unknown,unknown,season,unknown,unknown,unknown,wab,ft_pct,ft_pct_d
Houston,120.249,86.4994,0.97787,32-4,32,36,50.5,43.9,30.7,39.8,13.7,24.4,36.9,30.9,64.3,49.4,43.1,34.9,30,16.1,7.4,49.3,59.5,37.2,40.3,63.6773,,,,2024,,,,10.016017097001,69.1,67.5
"UC Santa Barbara",104.18,110.65,0.333393,16-15,14,29,53.3,50.6,39.7,31,19.1,14.3,25.2,26.6,68.5,53.4,51.8,35.4,32.1,7.9,7.1,50,45.9,30.5,33.7,67.3785,,,,2024,,,,-10.684964325522,74.4,68.2
"Arkansas Pine Bluff",101.431,118.229,0.146493,13-18,9,27,51.5,52.6,40.2,32.5,18,15.4,22.9,34,73.1,48.4,56,36.5,31.4,4.5,12.3,55.1,55.4,49.4,38.3,71.9985,,,,2024,,,,-13.258551704734,75.8,73.3
"Portland St.",98.6604,104.947,0.329509,17-15,14,29,46.8,52,34.3,34.7,16.4,18.6,29.8,28.3,69.1,45.6,51.1,32.4,35.6,8.6,9.8,43.2,54.2,37.6,38.2,69.3895,,,,2024,,,,-11.081168912033,68.8,69.5
Indiana,109.86,99.985,0.747096,19-14,19,33,52.1,49,37.7,31.6,17.5,14.9,26.9,29.7,69.4,53.4,47.4,32.4,34.3,11.2,7.5,57.3,52.8,27.8,41.2,68.5562,,,,2024,,,,-0.37428417477231,66.4,75
"North Carolina St.",114.98,101.052,0.815327,24-14,24,38,50.9,50.2,32.7,31.4,13.7,17.6,28.8,29.2,68.6,50.3,49.4,34.7,34.4,9.5,7.6,46.9,48.9,33.4,36.2,67.8554,,,,2024,,,,-0.55512643849691,73.6,73.5
"Central Michigan",95.7912,103.464,0.291903,18-14,17,31,46.8,47.3,27.4,30.6,17.5,16.2,28.6,30.7,66.2,47.7,47.7,30.1,31.2,10.4,8.8,46,52.2,35.2,40.8,65.4157,,,,2024,,,,-8.2677013907765,66.1,74.4
Brown,104.047,105.475,0.460881,13-18,12,30,49.7,51.2,33,32.1,18.3,16.8,31.9,27.3,67.6,49.2,52.2,33.7,33.1,11.6,9.4,53,51.3,40.7,38.2,67.2923,,,,2024,,,,-11.98190367852,65.5,69.6
"Wright St.",115.719,113.589,0.553203,18-14,16,30,58.5,55.3,33.6,30,16.5,16.3,28.9,28.1,72.5,58.8,55,38.4,37.1,6.9,6.5,51.1,44.7,29.3,37.7,71.5353,,,,2024,,,,-9.341806621083,76,72
"UC Irvine",108.743,99.9172,0.72581,24-10,23,33,51.8,46.4,34,35.2,16.7,17.4,31.4,27.4,69.5,51.6,44.6,34.9,33.8,8,8.9,54.3,49.2,27.7,30.4,68.5457,,,,2024,,,,-2.7956256914714,75.2,71.1
Furman,108.883,107.5,0.536677,17-16,15,30,52.1,52.9,31,28.5,15.9,16.2,29.4,26.6,70.4,54.3,53.9,33.2,34.1,6.7,11.5,58.3,49.9,48.2,35,68.9458,,,,2024,,,,-10.318415580743,73.5,68.8
UAB,113.071,106.387,0.668347,23-12,22,34,50,51,40.6,31.5,16.8,16.2,35.4,31.3,68.6,50.1,50.2,33.1,34.8,12.1,10.2,49.6,48.7,31.5,36.6,67.7656,,,,2024,,,,-2.8180272982108,74.3,72.4
Tulane,109.264,107.39,0.549565,14-17,13,30,54.1,51.1,45.5,32.7,15.1,17.3,20.5,32.7,73.2,54.5,50.2,35.5,34.9,11.4,9.6,50.4,57.2,35.7,42,72.8976,,,,2024,,,,-9.576534129937,73.1,71.4
FIU,100.065,110.196,0.24804,11-22,10,32,49.7,55.6,28.4,35.9,18.9,24.1,27,37.3,71.4,49.9,52.9,32.9,40.3,11,10.4,51.5,55.1,41.7,36,70.3737,,,,2024,,,,-16.378369252866,66.4,70
BYU,119.81,99.729,0.891845,23-11,23,34,54.8,48.2,25.4,32,15.3,16,32.8,24.6,69.9,57.5,48.3,34.8,32,7.6,7.5,63.4,47.3,50.4,34,69.0958,,,,2024,,,,2.3702862614134,74.2,69.9
"Illinois Chicago",100.708,101.902,0.466153,12-21,11,32,50.6,48.9,26,35.9,17.7,17.4,22.9,28.4,68.6,48.4,49.2,36,32.2,13.7,10.5,53.5,52.4,40.8,35,68.233,,,,2024,,,,-13.44255855523,69.2,75.1
Xavier,111.283,99.1631,0.790196,16-18,16,34,49.1,49.5,31.8,29.7,16.4,16,31.9,29,71.5,48.1,49.2,34.2,33.4,8.4,11.4,59.7,59.6,32,35.4,71.1091,,,,2024,,,,-2.3475433045282,74.6,71.2
Charlotte,108.64,102.001,0.673735,19-12,18,30,50.8,48.5,35.2,31.5,15.5,15.2,26.1,29,63.2,53.2,49.5,31.3,31.1,9.5,8,53.6,45,38.2,36.6,62.5733,,,,2024,,,,-5.0877633630345,75.2,70.9
Canisius,100.073,107.02,0.316075,14-18,13,31,49.6,51.2,27.5,28,19.1,16.3,32.8,28.1,68.2,49.7,51,32.9,34.4,8.2,7.5,47.8,51.1,36.1,31.8,67.1338,,,,2024,,,,-13.291709114844,61.9,70.6
"Wake Forest",116.657,99.5432,0.861097,21-14,21,35,54.2,49.1,32,30.1,15.4,16.4,26.4,25.8,68.8,54,48.9,36.4,33.1,11,9.5,44.2,42.6,37.4,35.5,68.3037,,,,2024,,,,-1.2127155564802,79.5,75.2
"Florida Atlantic",116.515,102.352,0.816146,25-9,25,34,54.7,49.6,34.8,27.3,16.2,16.4,33.5,29.3,69,56,49.2,35.1,33.6,7.9,6.6,50.9,38.9,39.1,36.2,68.1375,,,,2024,,,,1.1257788090812,72.2,72.7
Northeastern,105.251,109.258,0.394198,12-20,12,32,51.2,53.8,29.8,28.3,18.9,17,31.8,27.7,65.8,53.3,52.3,31.8,37.5,9.8,8.4,53.7,51,36.1,38.8,65.8214,,,,2024,,,,-14.265489256744,74.8,76.1
"Robert Morris",100.016,113.023,0.196874,10-22,8,30,50.3,53.3,28,36.8,20,15.8,33.2,29.5,68.5,50,54.3,33.8,34.3,7.4,7.7,52.1,50.8,42.6,34.8,67.1656,,,,2024,,,,-17.210653033412,71.9,73
Seattle,104.015,99.992,0.611506,21-14,20,34,50.6,46.6,34.6,36.5,18.6,17.6,29.7,25.4,68.4,50.1,47.6,34.3,29.7,7.8,8.7,50.9,48.1,37.9,33.4,66.9761,,,,2024,,,,-8.2937241171603,73.7,70.2
Villanova,110.051,93.9116,0.861025,18-16,18,34,50.6,48.3,26.8,26,14.7,16.2,24.9,24.3,64.3,50.5,47.6,33.8,32.8,7.7,13.3,52.9,57.2,48,45.3,63.675,,,,2024,,,,-1.4750228674685,80.8,73.7
Howard,104.55,113.607,0.277803,18-17,16,33,51.7,51.1,42.1,38.4,21.2,16.6,33.3,30.3,69,49.1,50.9,37.2,34.4,7.3,11,55.4,47.1,39,33.2,67.8898,,,,2024,,,,-12.199974121925,75.2,69.9
"Utah St.",114.932,100.963,0.816117,28-7,26,33,54,49.8,39,30.6,15.5,16.4,27.8,26.6,69.3,56.7,52.8,32.5,29.7,11.4,6.2,56.3,50.3,33.6,36.5,68.7691,,,,2024,,,,3.3076164082204,71.8,72.6
Marist,96.4415,100.469,0.38451,18-13,18,31,50.8,47.1,29.8,35,18.4,20.4,23.1,26.8,65.5,49.3,46.8,35.6,31.8,8.6,7.6,52.5,43.9,36.4,38.3,64.6646,,,,2024,,,,-10.108609676026,69.7,68
Toledo,111.574,109.489,0.554022,20-12,20,32,53.3,54.5,35.4,26.3,15.1,18.5,29,28.5,70.2,52,56.4,37.7,34.2,5.3,9.5,45.3,46,28.6,37.2,69.4013,,,,2024,,,,-6.4871107337398,75.4,72.4
Denver,105.893,115.768,0.263992,17-17,13,30,51.8,54.7,35,32,14,14.2,27.3,27.6,70.5,51.2,54.4,35.1,36.8,9.4,11.2,45.9,44.7,41,35.5,70.5799,,,,2024,,,,-12.433025291041,71.8,73.8
"Cal St. Northridge",98.8604,104.794,0.338424,19-15,17,32,48.9,48.3,37.6,39.5,19,18,31.1,26.9,73,50.3,47.2,30,33.1,10.1,7.8,50.1,59.2,26.4,44.5,72.7522,,,,2024,,,,-10.536517000417,67.5,73.1
Maryland,105.968,94.8707,0.781118,16-17,16,33,46.7,46.7,40.8,33.5,17.5,18.8,31.7,29.1,66.3,48.8,45.7,28.9,32.8,11.7,10.3,47,47.8,37.5,30.1,65.5491,,,,2024,,,,-4.4290542323081,72,76.6
Rice,107.188,109.266,0.445008,11-21,10,31,50.5,52.6,29.9,27.4,17.3,14.8,28.5,29.5,67.6,50.9,50,33.2,37.9,10,9.9,54.6,54.3,39.4,38.3,65.9301,,,,2024,,,,-13.077108162569,69.5,74.2
"Abilene Christian",100.773,104.682,0.392308,16-18,15,33,47.1,51.6,37.9,39.9,17.7,20.2,25.9,30.4,70.6,45.7,53,34.1,32.5,5.7,8,48.6,47.2,26.4,31.6,68.5826,,,,2024,,,,-11.212798694141,73.1,69.1
Rider,102.197,106.819,0.375515,15-17,14,31,47.7,49.2,31.9,36.5,17.9,16,31.4,29,68.5,46.6,47.7,33.7,34.4,10.3,8.1,51.1,51.9,28.1,38.2,67.9835,,,,2024,,,,-11.199900321359,75.3,69.5
"Boston College",112.61,102.053,0.756199,20-16,20,36,52.5,50.5,25,28.1,15.3,15.7,27.3,26.3,67.7,51.4,49.6,36.2,34.6,9.4,9.1,51.5,51.1,38.3,37.8,67.0356,,,,2024,,,,-3.5665317459903,75,75
Arizona,120.952,92.9453,0.953862,27-8,27,35,54.9,48.2,36.3,25.9,16.1,18.1,35.6,23.4,73.5,54.4,47.4,37.3,33,9.5,8.6,59.2,52.1,33.2,37.8,72.3275,,,,2024,,,,4.9058260356886,71.8,71.3
"Penn St.",110.19,99.4351,0.765145,16-17,16,33,50.3,50.2,35.3,36.3,15.7,20.7,26.8,32.2,70.3,50.5,52.5,33.4,30.3,8.8,8.7,48.7,56.7,39.2,32.8,69.9381,,,,2024,,,,-4.9315880600262,74.7,76.7
Hawaii,104.172,105.115,0.474123,20-14,18,32,52.6,48.5,39,33.6,18.6,15.7,25.8,25.3,67.5,53.8,49.3,34,30.8,6,8,48.7,37.3,42.4,25.4,66.0572,,,,2024,,,,-9.4207924721958,72.8,72.9
"San Diego",100.24,106.475,0.333136,18-15,16,31,49,52.5,32,38.6,18.3,18.1,27.1,31.8,72,47.4,53.7,34.8,33.9,10.3,8.9,50.8,62.3,34.1,39.8,71.2549,,,,2024,,,,-7.8474535211502,72.1,70.1
"UC Davis",102.259,101.944,0.508862,20-13,18,31,50.2,49.1,38.2,38.4,19.3,20.9,28.6,30.6,67.8,50.8,49.1,32.9,32.7,9.6,8.2,51.1,48.6,37.4,33.1,67.232,,,,2024,,,,-8.5060127938876,75.1,73.8
LSU,110.869,101.41,0.736057,17-16,17,33,52.3,49.7,38.3,33.7,18.6,18.2,30.7,31.4,70.7,51.5,49.4,35.7,33.5,10.8,11,44.7,48.7,37.6,41.4,69.9772,,,,2024,,,,-3.2422438735929,72.3,75.4
"Fresno St.",102.461,107.965,0.353949,12-21,11,32,51.5,53.1,30.4,28,18.8,15.4,24.4,30.4,65.9,52.6,51.8,33.2,36.9,6.4,11.7,50.4,50.2,38.5,37.3,65.6165,,,,2024,,,,-11.382469312769,68.1,68.6
UMKC,100.685,103.313,0.426454,16-16,13,29,49.4,51.1,29.3,45.1,17.9,17.3,31.3,25.3,67.1,48.9,52.7,33.4,32.4,10.8,8.2,50.7,48.6,43.4,37.5,66.5779,,,,2024,,,,-11.164485430848,72.6,70.9
Baylor,122.464,100.787,0.903809,24-11,23,34,55.7,51.4,40.2,31.2,17.7,17,35,26.9,66.7,53.5,52.1,39.5,33.4,8.4,9.9,53.3,53,38.9,35.4,65.8651,,,,2024,,,,4.496148184821,73.5,73.4
"Oral Roberts",101.976,111.378,0.266164,12-19,9,28,51.1,51.4,26,32.3,14.2,14.5,20.9,30.6,68.4,49.1,50,36,35.8,9.3,7.6,40.6,49.6,42.1,38.5,67.7579,,,,2024,,,,-13.61178004547,75.4,73.5
Ohio,107.867,105.823,0.5548,20-13,19,32,52.2,49.2,32.1,34.7,14.1,19.2,28,31.9,68.2,51.9,48.4,35.1,33.8,9.8,10.4,50.4,44.9,41.4,37.1,67.4062,,,,2024,,,,-9.234835485841,72.9,70.1
Winthrop,106.252,106.315,0.498289,17-15,14,29,51.9,49.5,50,34.3,18.7,18.2,30.4,32.9,67.9,52.8,50.6,33.7,32,7.8,12.6,44.8,48.4,39.4,41.1,67.0127,,,,2024,,,,-9.4948179250598,69.6,76
"Northern Illinois",101.336,112.731,0.226958,11-20,9,29,49.8,52.9,36.2,34.7,18.1,14.3,28,31.2,69.2,50.2,51.8,32.7,36.7,12.2,7.1,39.7,53.3,39.1,35.8,68.3079,,,,2024,,,,-14.30027727832,68.2,68.1
"Georgia Tech",108.378,103.81,0.621333,14-18,14,32,48.7,49.2,29.2,31.6,17.7,12.8,31.6,28.5,68.3,48.6,49.5,32.6,32.6,10.7,8.9,52.5,50.8,40.5,39.4,67.5926,,,,2024,,,,-5.6384713576995,70.9,73.9
"Kent St.",105.247,105.892,0.48242,17-17,15,32,50.7,51.3,31.9,34.9,17.2,18.5,31,28.7,67.6,48.5,52.6,36,33,7.7,8.7,49.2,50.2,39.2,39.7,66.72,,,,2024,,,,-11.607080385147,73.8,73.4
Marquette,119.311,95.1649,0.93089,27-9,27,36,55.5,49.7,25.2,27,14.3,21.1,25.8,31,69.5,56.6,49.3,36,33.6,10.4,8.5,54.7,59.6,40.8,42.9,69.1106,,,,2024,,,,6.1462270915373,70.7,75.4
"Weber St.",107.28,107.169,0.502981,20-12,17,29,53.1,54.4,35.2,29.3,14.8,18.4,23.8,23.7,65.9,53.9,55.2,34.5,35.4,4.4,8.4,44.2,51.1,38.7,36.7,65.5112,,,,2024,,,,-7.342410104289,73.8,71.6
Maine,95.687,102.029,0.32343,15-17,14,31,47.8,49.9,30,32.1,16.7,19.2,23,27.8,67.5,49.3,50.6,29.7,32.3,8.5,9.4,49.7,52,32.2,33.2,65.6249,,,,2024,,,,-12.176654275448,72.2,68.4
"Sam Houston St.",105.797,102.065,0.6018,21-12,19,31,48.6,49.8,34.7,37,18.8,19,32,27,68.8,46.5,50.5,35.1,32.5,6.4,10.8,49.9,51.7,35,39.3,67.8254,,,,2024,,,,-5.8594700418991,72.1,68.7
"Incarnate Word",95.3249,114.852,0.104977,8-23,6,29,48.2,51.8,37.1,40.7,21.7,15.1,30,30,71.4,48.3,50.2,32,36.7,10.1,11.3,48.8,53,39.7,34.4,69.9975,,,,2024,,,,-19.463049035625,72.3,71.2
"St. Francis PA",93.3594,118.049,0.0630665,8-22,6,28,47.2,53,32.6,35.4,21.2,17.1,32.9,31.3,66.4,45.7,52.9,33.2,35.4,10.1,11.8,52.6,52,35.1,37.1,65.5972,,,,2024,,,,-18.629901639713,60.6,70.3
SMU,112.111,100.36,0.781318,20-13,19,32,51,47.2,28.8,34,16.5,18.7,38.3,31.3,68.4,50.4,46.6,34.7,32.1,13.2,12.5,55.4,55.8,35.6,36.9,67.6203,,,,2024,,,,-4.4354055417523,68.3,71.8
Richmond,106.942,97.1909,0.750167,23-10,23,33,52.7,46.9,27.6,26.6,12.8,17.1,17.3,26.6,67.4,51.8,46.8,36.2,31.4,8.5,7.7,49.5,47.9,35.4,40.7,66.7711,,,,2024,,,,-0.86314771645555,73.2,73
Providence,108.311,95.5942,0.807875,21-14,21,35,51.5,47.5,31.8,27.7,17.5,17,27,27.8,68.4,53.7,45.5,32.5,34.3,11.7,9.1,53.4,43.7,44.3,34.1,67.7157,,,,2024,,,,0.42363404266504,72.2,72.1
Louisville,104.533,106.929,0.435223,8-24,8,32,48.4,54.6,38.8,33.8,18.1,16.2,28.1,27.5,70.4,49.4,53.8,30.6,37.2,7.2,9.7,44.6,55.3,31.2,39.1,69.6868,,,,2024,,,,-12.452058067439,74.6,73.2
Davidson,104.989,100.21,0.630829,15-17,13,30,48.9,49.4,33.5,32.8,16.3,17.2,26.1,27.8,65.8,50.8,49.5,30.7,32.8,10,10.1,50.6,53.2,40,42,65.6003,,,,2024,,,,-8.8566378530363,72.9,68.4
"North Florida",105.537,111.936,0.336944,16-16,13,29,53.6,52.6,28.3,33.7,16.3,14.4,23.5,29.9,68.7,53.3,52.3,35.9,35.5,8.5,10.6,44.9,43.5,54.7,29.9,67.1902,,,,2024,,,,-11.575046505628,78.1,73
"Missouri St.",104.021,102.044,0.554942,17-16,17,33,49.7,48,31.5,24.9,17.3,13.1,29.1,24.7,68.5,51.2,47,31.4,33,11.8,8.8,47.1,49.8,36.8,38.8,67.9135,,,,2024,,,,-8.0561477644129,71.1,71.7
Vanderbilt,104.271,106.358,0.443257,9-23,9,32,45.4,53,35.2,29.5,15.3,15.9,28.2,29.3,67.8,47.4,51,28.3,37.4,8,9.8,40.1,55,39.3,39.6,65.7904,,,,2024,,,,-10.704287221261,70.9,78.2
"Utah Tech",99.5292,107.909,0.282996,11-20,10,30,50.4,50.4,40.3,43.2,21.8,18.3,28.2,31.6,71.7,50.2,50.1,33.7,33.9,11.6,10.2,52.2,52.6,34.7,36.7,70.3578,,,,2024,,,,-13.998263778219,63.7,72.8
Akron,105.115,101.84,0.59,24-11,22,33,51.7,49.1,32.7,29.4,16.9,16.7,29.2,25.6,66.7,54.7,50.8,31.7,30.7,7.9,7.9,47.7,45.3,41.6,36.8,65.8046,,,,2024,,,,-4.6078581647581,72.4,69.6
Memphis,111.807,102.654,0.72754,22-10,22,32,52.8,50,36.3,29.6,18,19.1,33.4,33.6,72,52.9,49.3,35,34,12.6,11.6,48.8,53.3,38.9,42.7,71.7394,,,,2024,,,,-1.1397793473906,72.5,71.5
"Central Arkansas",96.5552,114.066,0.128244,9-23,7,30,47.5,54,29.3,33.7,18.1,15.4,28.3,31.4,70.1,45.2,51.9,34.2,37.9,9.2,7.9,53.7,47.8,37.8,42.1,69.2444,,,,2024,,,,-19.043947650637,75.1,72.7
"Murray St.",107.234,106.187,0.528174,12-20,11,31,50,54.5,29.6,27.7,14.4,17.9,26.5,25.5,65.2,51.3,53.8,31.6,37,8.8,8.9,44.2,53.1,35.3,42.8,64.5511,,,,2024,,,,-12.493405038133,69.8,72.4
American,102.198,113.292,0.234136,16-16,15,31,52.5,53.4,28.4,29.8,17.3,17,27.9,25.6,62.9,52.8,51.9,34.7,36.9,5.5,8.5,56.4,51.9,44.9,42.3,62.9868,,,,2024,,,,-12.493647465901,72.4,69.9
"Notre Dame",102.393,98.3925,0.612626,13-20,13,33,47.6,48.2,27.9,27.4,19.1,15.2,28.4,26.7,64.8,47.5,47.8,31.8,32.5,6.6,11.6,45.1,50.2,43.3,36.8,64.3873,,,,2024,,,,-7.7544445824872,74.4,71.8
Creighton,120.786,96.5917,0.928946,25-9,25,34,57.4,46.2,24.7,15.7,15.4,11.1,26.2,24.7,67.7,59.7,45.7,36.6,31.7,8.6,9,58.1,40.7,48.7,27.6,66.8161,,,,2024,,,,4.0835275007546,78.4,78.5
Duke,121.835,95.8512,0.940393,26-8,26,34,55.3,48.7,34.3,27.7,14.2,17.1,31.9,25.8,67.4,54.3,49,38.1,32.1,10.1,11.9,54.3,50.6,37.6,35.6,66.7246,,,,2024,,,,3.3584776390806,72.1,68
"Bowling Green",101.469,107.085,0.349902,20-14,18,32,48.1,51.2,35.1,27.1,16.3,16.1,30.5,25.5,68.6,50.3,49.1,29.3,36.7,6.8,9.7,42.3,46.7,34.8,34.5,67.7151,,,,2024,,,,-9.4929640229588,71,67.9
UCLA,108.016,98.729,0.73766,16-17,15,32,46.6,50.1,35.8,35.8,16.5,18.1,29.9,28.3,64.6,45.2,49.7,33.3,33.7,10.5,6.7,47.4,49.3,30.1,42.2,63.1976,,,,2024,,,,-5.1723141192264,73.2,69.5
Pacific,94.8858,116.708,0.0846731,6-26,4,30,46.5,56.3,37.1,36.4,16.9,16.1,18.8,33.2,69.1,46,58.2,31.5,35.7,5.5,9.7,58.6,51.3,36.3,39.7,68.4273,,,,2024,,,,-19.103753224957,64.6,73.2
"Texas A&M",117.565,99.8824,0.86698,21-15,21,36,45.7,50.5,38.6,31.9,14.1,16.7,42.2,27.9,67.7,46.8,50.3,29.3,33.8,9.3,13.3,44.5,59.5,37.7,44.9,66.1269,,,,2024,,,,-0.052206027461865,70.7,71.4
"North Texas",110.412,98.705,0.783973,19-15,17,32,50.8,48,28.8,38.6,17.7,19.5,34,32,62.9,47.1,46.8,37.7,33.5,8.9,11.5,44.4,46.9,39.1,36.1,61.6201,,,,2024,,,,-5.9842340592475,74,71
Nevada,115.136,97.848,0.866577,26-8,25,33,53.2,48.4,45,34.2,15.2,17.4,27.3,26.9,66.9,52.5,49.1,36.4,31.6,11.1,6.6,57.9,55.5,33.7,41,66.8892,,,,2024,,,,2.6750247590863,72.1,70.1
UTSA,106.377,112.457,0.345437,11-21,10,31,48.3,51.9,35,34.6,15.5,13.1,32,28.9,71.2,46.9,49.8,33.4,37,10.6,13.1,52.9,51.9,44.5,37.5,70.6604,,,,2024,,,,-14.762047825037,71.5,71.4
"Mississippi Valley St.",85.8564,115.848,0.0309049,1-30,1,31,42.5,55.6,33,41.6,24,17.2,27.9,35.7,66.2,41.9,55.6,29.2,37,6.5,8.7,44.2,54.1,30.4,36.5,64.6431,,,,2024,,,,-22.725310095039,65.8,71.4
"Gardner Webb",102.16,104.848,0.425898,17-16,14,30,49.1,50.3,35.9,39.4,16.1,16,27.9,26.7,69.8,47.4,50,34.8,34,6.1,9.6,48.6,47,35.3,33.9,69.513,,,,2024,,,,-10.261509072312,63,71.7
"Norfolk St.",101.79,108.774,0.317982,23-11,19,30,49.3,49.7,42.1,44,18.4,22.3,31.6,31.5,67.3,49.1,48,33,34.5,10.3,8.6,47.1,62,32.4,44.9,66.4503,,,,2024,,,,-6.9695417593874,72.9,74.1
Chattanooga,109.693,108.542,0.530307,21-12,19,31,54.8,49.9,30.9,27.3,17.1,14.5,27.2,28.8,68.2,56.1,47.9,35.7,35.1,9.6,9.9,49.6,48,50.5,42,66.9107,,,,2024,,,,-6.935903471225,74.9,67.9
"Georgia Southern",104.462,112.89,0.290636,9-24,9,33,50.8,52,28.9,43.1,18.8,17.3,28.8,33.9,70.2,49.3,51.4,35.2,35.5,10.7,12.4,41.8,49.4,44.6,36.4,68.9972,,,,2024,,,,-17.919938349167,73.2,70.4
"Northern Arizona",98.0818,111.286,0.18963,14-19,14,33,49.3,52.9,31.1,37.4,18.1,16.7,24.1,31.1,69.1,50.7,55.4,31.2,32,8.1,7.8,53.8,47,35.2,34,68.3702,,,,2024,,,,-13.597229951564,69.6,71.6
Nebraska,115.903,96.7005,0.889242,23-11,23,34,53.1,46.7,32.6,27.7,15.8,16.2,27.6,30.3,69.4,52.8,45.2,35.7,32.5,7.1,11,57,52.2,44.3,41.4,68.9786,,,,2024,,,,2.0035010218517,76,70.1
Yale,109.88,100.956,0.725924,23-10,21,31,52.1,50.4,27.8,29.4,14.3,16.2,27.8,24.2,65.8,51.9,49.4,35,34.5,9.6,8.6,53.3,56.6,35.4,41.5,64.9177,,,,2024,,,,-2.7005604733395,70.5,73.9
"Tennessee Martin",105.168,110.699,0.356747,21-11,17,28,50.5,49.3,32.8,24.6,15,13.2,27,26.3,73.2,48.2,49.4,36.2,32.8,7.1,10.8,44.7,50.2,38.1,41,72.9148,,,,2024,,,,-6.992274911968,77,71.6
"Morehead St.",107.329,103.739,0.596587,26-9,22,31,54.2,46.4,30.6,32.3,18.2,15.4,31.9,26.5,65.7,55.1,45.8,35.3,31.8,10.9,8.4,52.5,42.6,45.2,31.6,64.3111,,,,2024,,,,-3.4666200592863,71.5,75.8
Tennessee,115.286,90.1979,0.943867,26-8,26,34,51.3,45,34.4,35.4,14.9,18.8,32.8,28.1,70.5,51.6,44,33.9,30.9,13.5,7.9,61.2,48.3,41.3,41.5,69.3286,,,,2024,,,,5.5433099826426,75,71
"Texas St.",99.1976,102.055,0.419086,17-18,15,33,47.1,49.7,37.8,38.3,19.9,18.6,31.2,29.4,68,47.1,50.6,31.4,32.1,9.1,9.4,44.9,48.2,24.3,35.4,66.458,,,,2024,,,,-10.546875494068,69.4,72.5
"Jackson St.",100.055,111.62,0.221348,15-17,15,32,47,52.6,34.7,34.5,19,19,34.9,32,70,46.2,52.4,32.5,35.2,9.9,9.6,48.1,54.9,33.8,39.6,68.8232,,,,2024,,,,-11.613665596071,70.4,71.7
Mississippi,113.482,102.889,0.755264,20-12,20,32,51.2,50.2,35.1,32.3,15.7,18.1,30.1,36.2,68.6,49.2,50,36.6,33.8,15.1,8,57.6,55.4,35.1,37,66.865,,,,2024,,,,-0.57590344298667,72.8,71.1
Wyoming,108.243,106.709,0.540941,15-17,13,30,50.9,52.8,38,27.8,18.5,15.9,28.6,29.1,67.7,49,53.7,36.1,34.4,6.7,11.4,46.4,49.5,37,40,67.2494,,,,2024,,,,-7.4392100857478,74.9,73.8
Minnesota,113.68,102.915,0.75843,19-15,19,34,54.1,50.4,34.7,29.6,17.7,16,30.7,28.8,67.7,54.6,48.9,35.5,35.9,10.8,9,64.6,57.3,39.1,30.5,66.6625,,,,2024,,,,-2.8101911493789,69,72.5
Illinois,126.864,101.826,0.9261,28-8,28,36,54.4,47.9,37.1,26.4,15,12.3,36.2,26.4,70.1,55.3,46.5,35.2,34.3,8.3,7.9,45.4,43.2,38.4,28.4,69.6639,,,,2024,,,,5.6124449120376,74.4,71.9
UTEP,98.1522,97.7426,0.512021,18-16,15,31,48.1,51.5,42.8,46.3,21.2,25.9,29,31,70.3,48.8,53.2,31,32.1,7.6,10.1,49,46.8,31.3,33.9,69.6841,,,,2024,,,,-10.650949519044,68.6,70.7
"Loyola Chicago",104.692,96.1186,0.727622,23-10,22,32,51.5,46.4,33.4,36.5,18.6,17.8,27.5,25.2,69.1,51,43.8,34.9,34.1,13.8,12.5,63.3,49,40.5,35.9,68.707,,,,2024,,,,-1.6134266903235,68,73.8
Texas,116.571,96.3873,0.899028,21-13,21,34,53,48.1,30.2,34,16.9,18.8,29.9,30.1,68.2,53.1,47,35.4,33.5,11.4,9,54.9,47.2,34.9,32.9,67.3574,,,,2024,,,,0.69611230860005,75.7,72.1
"Maryland Eastern Shore",89.106,109.317,0.086995,9-20,5,25,43,50.9,32.7,37.8,20,18.9,28.8,33.7,67.6,43.3,51.7,28.3,33,7.4,8.7,47,48.6,34.8,36.2,67.2792,,,,2024,,,,-16.485809109791,71.3,69.1
"Western Illinois",97.2068,104.666,0.299387,21-12,17,29,46.5,46.5,35.6,25.1,20.1,14.2,37.2,28.9,66,46,46.8,31.7,30.4,12.8,8.4,51.5,41.1,31,30.7,64.7177,,,,2024,,,,-8.0184185757132,62.3,72.4
"Fairleigh Dickinson",95.7809,112.806,0.132216,15-17,13,30,47.1,52.9,34.9,32,17.2,19,27.8,31.2,72.9,46.7,52.4,31.8,35.7,6.8,9.2,56.9,53.8,39.3,40.5,72.3267,,,,2024,,,,-13.858904312806,69.6,69
Cornell,111.971,105.643,0.661287,22-8,20,28,56.5,51.3,28,32.5,17,18.3,26.8,31.7,71.5,61.7,52,34,33.6,7,9.7,59.7,53.1,48.7,41.8,71.6693,,,,2024,,,,-1.6988391416076,73.3,64.4
"Fort Wayne",103.434,103.649,0.494019,23-12,21,33,53.7,51.3,30.1,32.7,14.7,21.8,22.8,29.4,72,53.4,52.8,36.1,32.5,8.2,8.8,46.6,51.4,42.2,36.5,70.9464,,,,2024,,,,-7.8204491181408,70.5,71.8
"West Virginia",108.764,105.256,0.593175,9-23,9,32,49.6,52.1,37.1,28.1,18.3,15,26.6,30.4,68.7,47.8,51.9,34.9,34.9,10.2,11.1,54.4,56.4,37.4,43,68.451,,,,2024,,,,-10.048893982287,70.5,73.6
"Cleveland St.",105.04,108.445,0.409286,21-15,20,35,49.4,51.4,31,37.4,14.9,19.3,33.4,34.5,68.5,49.3,55.2,33.1,30,11,7.1,47.2,50.2,31.2,38,67.5338,,,,2024,,,,-8.6756193373928,66.8,70.5
Queens,103.741,111.247,0.309332,14-19,12,31,49.9,54.1,33.7,29.4,15.7,15.4,27.6,29.5,73.4,50.1,55.8,33,34.2,6.7,12.9,45.5,41.4,40.8,36.7,72.877,,,,2024,,,,-13.556329323715,71.1,72.3
"Southern Illinois",108.721,103.543,0.636723,19-13,18,31,52.5,50.1,35.9,36.5,16.8,16.2,26.1,25.6,65.3,53.4,52.1,34.3,30.4,8,11.7,58.1,44,43.8,30.5,64.3582,,,,2024,,,,-6.4389517893134,77,71.2
"San Diego St.",112.433,93.5931,0.891787,26-10,24,34,50.2,47.1,37.3,33.4,16.1,18.1,32.8,27.9,67,51.7,47.7,31.8,30.8,11.9,8.6,50.7,49.1,38,40.3,66.2379,,,,2024,,,,2.4298246580925,73.3,70.3
"Nebraska Omaha",102.356,110.986,0.282747,15-18,11,29,49.5,53.4,39.7,32.2,14.5,15.9,24.7,26.4,67.5,50.5,53.3,31.6,35.7,7.2,6.5,39.8,48.8,33,42.5,67.4645,,,,2024,,,,-13.489248344686,74.8,74.5
"Texas A&M Commerce",94.3425,111.953,0.12258,13-20,10,30,46,52.4,30.8,39.2,16.7,18.3,24.3,33.1,67.9,47.6,52.4,29.4,35,11.4,11.3,52.6,51,46,30.4,66.2824,,,,2024,,,,-14.171027982302,69.2,71.8
DePaul,100.877,111.172,0.246469,3-29,3,32,48.1,56.5,33.5,28.4,19.9,14.5,22,32.3,68.4,47,56.1,33.5,38.1,8.6,10.2,54.1,58.2,34.8,41.1,67.8129,,,,2024,,,,-15.13730957617,73.3,74.5
"UT Rio Grande Valley",94.6445,111.019,0.137628,6-25,4,29,45.1,53.1,41.2,34.4,19,18.9,24.3,33.4,72.8,45.8,54.2,29,33.9,7,11.4,50.7,60,29.2,33.4,71.3087,,,,2024,,,,-19.355148924533,71.1,73.2
"Chicago St.",98.4499,108.823,0.24013,13-19,10,29,46.1,53.6,38.2,36,20,21.1,32.4,35.3,66.4,46.9,55.6,29.7,33.3,8.1,8.2,43.5,49.8,34.5,35.5,65.2469,,,,2024,,,,-12.582173342755,70.3,68.4
"South Dakota",103.421,116.811,0.197803,12-20,9,29,51.9,53.1,30.5,27.3,18.3,11.7,27.5,28.6,69.6,49.6,52.3,37.6,36.2,4.1,9.2,44.5,46.9,34.5,38.3,68.9337,,,,2024,,,,-16.503433709948,75.1,73
"Montana St.",103.491,106.992,0.405503,17-18,15,32,54.2,52.3,30.6,36.9,16.7,18.5,20.5,28.9,69.1,53.6,54,36.7,32.7,6.2,8,48.2,46.4,41.7,34.7,68.6134,,,,2024,,,,-12.81186354103,72.9,71.8
"Oklahoma St.",108.729,102.358,0.666949,12-20,12,32,51.3,51.3,34,27.6,18.8,16.8,27.5,28.5,68.1,52.2,51.5,33.4,34,7.3,9.6,54,45.7,43.2,32.9,67.2177,,,,2024,,,,-8.1196842374357,69.7,73.8
Wagner,96.0915,105.249,0.259839,17-16,15,31,45.1,48.8,26.4,30.2,15.7,16.8,28.8,27.7,62.8,43.1,51,32.2,30.4,7.2,9.4,54.2,58.5,37.7,40.8,61.4961,,,,2024,,,,-11.731994275519,70,68.6
"Bethune Cookman",97.1733,108.647,0.216965,17-17,15,32,47.3,50.1,38.2,49.2,19.5,21.9,29.2,33.2,70.8,47,49.5,32,34.1,9.5,7.8,47.5,59.3,29.7,35.2,69.7263,,,,2024,,,,-12.414895327965,75.8,71
Wofford,105.634,110.254,0.379365,17-15,14,29,53.3,51.5,27.7,34.6,16.9,14.1,29.4,26.2,67,53.4,50,35.5,35.7,7.9,8.8,56.6,49.9,45.3,42.8,65.6514,,,,2024,,,,-9.1021865645231,62.4,74.6
"Cal Poly",93.7768,111.982,0.115034,4-28,3,31,46,51.5,31.3,41.9,18.6,17.3,24.3,33.6,66.4,44.1,50.8,33,35.6,9.3,8.9,43.7,46.9,34,30.3,65.8069,,,,2024,,,,-23.431706027322,70.4,74.7
Towson,102.354,100.475,0.553064,20-14,19,33,47.3,48.3,34.7,31.7,19.2,16.9,39.8,27.2,62.9,46.4,47.4,32.8,33.3,12.3,9.2,46.2,47.1,34.1,36.9,62.2569,,,,2024,,,,-7.3998120479564,65.9,69.6
"Delaware St.",94.8802,105.225,0.233238,15-19,13,32,46.1,50.9,39.5,36.2,21.1,21.7,33.1,31.5,69.7,46,48.9,31,35.9,5.7,6.7,47.9,53.5,25.1,39.8,69.0205,,,,2024,,,,-14.119907869915,70.9,71.9
"Prairie View A&M",93.4711,112.067,0.110405,10-21,8,29,45.6,53.7,36.9,46.6,17.7,22.6,26.5,35.2,72.2,45.6,54.1,30.4,35.2,7.7,9.9,48.5,50,26.4,32.9,70.9752,,,,2024,,,,-15.998821852816,71.6,70.3
"Alcorn St.",105.526,116.292,0.246544,14-18,13,31,48.9,55,37.4,36.6,17,17.2,33.4,30.6,68.3,48,54,34.2,37.5,5.9,9.6,45.5,60,26.6,45.8,66.7565,,,,2024,,,,-11.356428075389,71.6,73.1
Liberty,108.301,106.428,0.549973,18-14,15,29,54.3,50.8,26.7,30.3,16.2,17,24.5,25.5,65.7,55,51.9,35.7,32.3,6,11.9,56.9,41.2,46.8,32.6,64.5311,,,,2024,,,,-8.3024352318016,66.2,72.4
"UNC Wilmington",112.672,108.277,0.612453,21-10,18,28,51.1,51.7,32.9,33.1,12.8,17.1,29.9,30.6,65.4,52.1,50.8,33,35.5,6.1,8.2,41.9,43.1,39.7,36.7,65.2388,,,,2024,,,,-4.8174899191673,76.5,70.7
"Le Moyne",98.7167,110.31,0.218069,15-17,12,29,50.1,50.6,25.3,27.8,16.6,17.8,23.1,29.9,68.5,49.2,51,34.1,33.4,8.7,8.1,60.7,56.3,47.5,43,67.4988,,,,2024,,,,-13.81562442161,76.5,70.6
Presbyterian,101.569,110.651,0.271929,14-19,11,30,51.2,52.8,36.8,42,16.9,17.7,26.3,27.8,68.5,52.2,52.8,32.8,35.2,8.7,9.9,46.9,45.9,33,35.6,67.6243,,,,2024,,,,-14.135733951571,66.3,72.5
Michigan,110.044,104.684,0.639736,8-24,8,32,51.1,52.5,32,30.5,18.6,13.7,30.7,30.4,68.9,49.5,51.7,35.9,36.1,8.5,10.6,48.3,46.2,38,32.6,67.5151,,,,2024,,,,-9.5350519395577,70.3,72.9
Bellarmine,100.042,111.329,0.226297,8-23,5,28,49,53.9,21.4,31.9,14.5,14.6,21.8,29.4,66.5,48.3,55.1,33.6,35,4.6,8.2,50.1,51.3,37.3,44.4,65.1317,,,,2024,,,,-17.566728080616,77.6,74.7
"East Carolina",104.929,105.218,0.4921,15-18,14,32,47.6,51.3,34,32.7,16.3,18.7,32.7,31,65.6,48.1,52.5,31.2,33.1,9,9.5,50.3,53.6,36.5,43.3,64.9408,,,,2024,,,,-10.942388627147,68.7,75.4
Northwestern,115.541,98.6455,0.860328,22-12,22,34,52.6,51.5,29.2,39.3,13.4,18.8,25.8,27.8,64.7,49.2,51.4,39,34.5,9.5,10.7,59.3,58.7,36.4,37.3,64.0195,,,,2024,,,,1.1585722742486,75.2,72.1
"College of Charleston",113.695,105.494,0.702848,27-8,26,34,52.2,51.2,27.2,29.3,14.3,16.2,33.7,26.4,70.1,52.5,50.8,34.7,34.5,8.2,9.8,53.5,43,46.9,36.9,70.3106,,,,2024,,,,-1.7482787674235,72.3,70.3
"Eastern Illinois",95.4014,108.672,0.182765,14-18,10,28,44.8,52,27.2,37.5,15.7,19.7,27.5,28,67.5,43.6,51.1,31.8,35.8,8.7,11,47.8,56.1,29.6,37.1,66.6691,,,,2024,,,,-13.195997106731,73.6,72
Buffalo,95.0315,114.102,0.108786,4-27,3,30,47.3,53.9,26,28.7,20,15.1,28.3,30.6,70.1,51.6,53.5,27.5,36.5,11,8.1,52.4,53.6,41.4,35.1,69.1115,,,,2024,,,,-22.181260932404,71.1,72.4
"Northern Kentucky",102.029,104.757,0.424723,18-15,16,31,50.6,51.3,35.1,28.8,17.3,20.1,29.4,32.6,69.3,52.2,54.5,31.6,31.2,7,9.5,50.8,55.2,33.5,41.6,68.0479,,,,2024,,,,-9.5405529637469,71.7,73.2
Valparaiso,99.5471,109.9,0.242713,7-25,6,31,46.2,54.5,23.3,30.7,15.9,17.3,25.7,30.3,68.7,45,55,32.1,35.8,9.1,6.2,48.2,54.6,36.3,35.2,67.9863,,,,2024,,,,-17.426243895185,72.3,69
Elon,101.306,113.657,0.210333,13-19,11,30,50.6,53.2,32.8,29.1,17.8,15.7,28.7,32.8,67.5,48.8,54.5,35.2,34.2,6.9,10.2,52.1,54.9,43.7,40,67.7263,,,,2024,,,,-14.145580675514,70.7,71.8
"Appalachian St.",106.51,99.1329,0.695394,27-7,25,32,52.7,45.4,31.6,20.7,15.2,14.5,29.4,27.8,68.7,53.9,44,33.2,32.1,14.6,5.9,48.6,40.7,31.5,32.6,66.9849,,,,2024,,,,-1.2046689869304,68.7,70.2
"North Alabama",104.124,112.361,0.294094,15-17,13,30,49.8,51.5,32.9,40.9,14.6,14.2,27,27.8,68.6,47.9,50.6,35.6,35.4,8.1,9.4,40.6,47,34.6,34.8,67.8367,,,,2024,,,,-12.202188695401,77.2,71.8
Oklahoma,113.02,98.2323,0.833777,20-12,20,32,53.1,47.4,37.7,31.1,18.1,16.5,30.1,26.2,68.5,53.9,48.9,34.5,29.9,8.7,10.3,50.9,48,38.5,35.7,67.2415,,,,2024,,,,0.64520616901206,74.3,76
"St. John's",119.451,98.7299,0.899433,20-13,20,33,50.9,49.5,27.3,34.4,15.7,18.5,38.6,30.3,69.6,50.8,47.9,34.1,35,14.8,7.6,53.4,53.9,32.5,35.9,69.3629,,,,2024,,,,0.043747936916209,72.8,74.4
"Long Beach St.",105.103,107.524,0.434895,21-15,19,34,48.5,51.1,37.8,32.3,17.1,18.3,33.2,29.4,72,49.3,49.9,30.9,35.1,12.5,6.2,54.9,59.2,28.1,43.7,71.5814,,,,2024,,,,-8.2327045879644,70.8,72.4
Samford,112.406,102.981,0.732447,29-6,27,33,56.8,50.5,36.2,37.3,17.8,21.7,30.1,31.9,73.9,55,50.3,39.5,33.8,10.4,10.9,58,54.2,41.2,39.8,72.8323,,,,2024,,,,0.030914999259862,72.1,68.9
"Eastern Washington",110.64,110.986,0.491024,21-11,19,30,57.2,52.8,39.6,33.5,19,16.3,26.4,27.1,70.7,58.7,51,36.8,36.9,9.8,7.9,62.3,51.7,42,41.8,70.6115,,,,2024,,,,-4.872789335678,76.9,74.2
"Kansas St.",107.8,96.5839,0.77962,19-15,19,34,50.2,46.8,38.3,33.1,21.2,16,32.4,30.5,68.5,51.9,46.8,31.8,31.2,10.6,10.7,56.5,52.9,41.2,36.7,67.5344,,,,2024,,,,-0.2414269453252,72,70.5
Pepperdine,106.253,108.221,0.447421,13-20,11,31,50.8,54.7,32.6,33.9,16.4,16.9,28.5,25.9,68.5,49.5,53.4,35.6,38.4,7,6.2,49.9,50.4,32.4,31.6,67.6038,,,,2024,,,,-12.143993391767,69.9,72.4
"UC San Diego",110.782,107.666,0.581299,21-12,19,31,52.3,50.4,32.4,29.5,14.4,16.9,27.8,27.8,66.3,52.2,50.4,34.9,33.6,7.2,11,47,49.5,41.7,35.7,65.4597,,,,2024,,,,-6.2437977892208,74.3,72.1
"Grambling St.",98.7812,106.251,0.301882,21-15,18,33,48.1,49.7,38.8,33.8,20,18.8,27.9,32.8,66.3,46.9,48.8,34,34.3,8.7,7.9,40.6,56.2,29,34.2,64.8405,,,,2024,,,,-8.0386667094598,70.9,72.8
"Texas Southern",98.4491,106.794,0.281783,16-17,15,32,46.9,48.3,31.1,40.1,18.1,17.8,30,30.9,69.1,47.1,48.2,31.1,32.4,9.8,9.1,46,53.6,38.8,36,67.8058,,,,2024,,,,-10.652171318939,72.4,71.2
Colorado,118.25,98.4302,0.891843,26-11,26,37,55.4,49.7,35.1,27.3,18.1,15.2,32,24.7,69.1,54,50.6,39.1,32.1,5.5,9.2,57.2,43.7,30.6,35.2,67.7181,,,,2024,,,,1.7541681784649,78.4,71.1
VMI,87.8792,110.74,0.065431,4-28,1,29,46,54.4,27.6,30.9,21.2,15.1,23.8,30.6,74.6,46.7,54.5,29.7,36.2,6.2,8.5,38,51.3,33.3,38.4,74.8258,,,,2024,,,,-22.774556875511,70.2,64.9
Auburn,120.911,92.9711,0.953551,27-8,27,35,54.2,43.7,38.3,41.5,15.1,18.1,32.9,30.2,70.9,55.1,42.9,35.2,30.2,15.9,8.5,61.4,42.7,37.5,33.4,69.9912,,,,2024,,,,5.2018928258342,75,73.4
"New Orleans",97.8984,114.653,0.139823,10-23,6,29,45.5,54.4,39.2,38.7,17.3,19.1,28.4,34.9,72.1,45.5,54.9,30.2,35.5,8.8,9.7,45,54.7,29.3,31.7,71.3668,,,,2024,,,,-18.149500990455,70.8,72.5
"Idaho St.",102.644,109.564,0.320743,14-20,12,32,51.1,54.5,33.5,32.6,16.7,18.2,30.3,26.8,64.6,52.6,54.7,32.2,36,9.1,6.4,45.8,47.1,35,30,63.9674,,,,2024,,,,-15.544885931729,68.7,74.7
Columbia,106.49,109.953,0.409018,13-14,10,24,52.5,52.8,29.3,28.5,17.8,17,27.9,28.6,69.4,50.2,54.1,37.4,33.9,6.9,11.7,61.8,56.9,38.5,42.2,68.6154,,,,2024,,,,-10.019047984124,73.2,73.3
"Western Carolina",107.964,102.052,0.656478,22-10,19,29,51.7,47.2,27.7,32.4,14.7,13.3,29.1,24.2,67.9,49.8,45.5,36.8,33.9,7.1,7.5,40.1,36.6,35.5,31.8,66.9447,,,,2024,,,,-5.4087496210674,71.2,70.7
"Eastern Kentucky",106.794,110.211,0.410431,17-14,14,28,50.6,49.8,32,29.5,16.1,13.9,33.1,31,70.2,48.8,45.6,36.1,38.7,14.2,6.2,47.1,48.3,33.6,33.4,68.5792,,,,2024,,,,-9.5234524151647,68.4,75.8
Penn,108.572,111.886,0.414408,11-18,9,27,51.9,54,27,26.7,16.7,14,29.1,26.6,66.1,51.2,53.9,35.3,36.1,6.4,9.2,52.9,56.4,43.1,43.7,65.6039,,,,2024,,,,-11.427147900895,68.5,71.6
"South Carolina St.",97.9541,108.448,0.23678,14-18,12,30,45.7,52.2,36.5,49.2,21.3,21.8,37.7,31,70.1,44.5,53.3,32.3,33.6,9.6,9.7,53.6,57.9,31.9,38.3,68.8845,,,,2024,,,,-13.013629776369,69.6,74
Idaho,98.4347,111.057,0.199808,11-21,9,30,50.2,53.5,26.7,37.2,17.5,16.6,22.7,28.6,65.6,50.2,53.4,33.5,35.8,9.1,10.9,48.9,53.2,41,38.5,64.9779,,,,2024,,,,-16.835568908948,74.1,73.1
"Stony Brook",106.229,105.992,0.506418,20-15,19,34,50.3,50,29.2,27.4,15.1,15.2,26.6,29.3,67.4,48.6,48.4,35.5,34.8,9,6.5,45.8,57.5,36.8,42.3,67.4967,,,,2024,,,,-8.0192572501329,74.4,69.2
Evansville,101.027,104.834,0.395223,17-18,16,34,50.1,52.4,28.3,28.3,16.6,17.2,21.4,26.1,69.3,49.9,51.7,33.6,35.5,9,8.1,49.8,54.5,34.9,43,68.6021,,,,2024,,,,-9.1621720016241,72.1,73.9
"Saint Peter's",96.8369,101.063,0.379604,19-14,18,32,44.6,47.1,38,42.5,19.2,20.4,34.5,29.9,65.4,42.3,46.6,33.2,32.1,12.5,10.8,48.4,50.5,31.5,34.9,64.0887,,,,2024,,,,-8.9289772289719,71.8,70.5
Virginia,103.853,92.2052,0.797064,23-11,23,34,48.6,46.6,25.3,25.8,13,19.4,25.6,28.1,61.2,46.2,47.2,35.8,30.5,15.5,8.5,63,52,32.6,39.6,60.1673,,,,2024,,,,1.3518537548061,63.7,74.9
UCF,106.53,95.1089,0.786531,17-16,17,33,47.8,47.9,37.2,39.5,18,20.4,32.9,26.9,69.3,47.5,45.9,32.2,34,15.2,9.1,45.9,57.6,35.9,39.6,68.7023,,,,2024,,,,-2.9892554017125,70.1,72.9
Drexel,107.116,103.396,0.600232,20-12,19,31,50.6,47.8,30,26.7,16.5,13.1,33.6,24.5,65.3,50.3,48.2,34.1,31.4,10.2,8,46.1,43.8,33.2,35.4,64.5993,,,,2024,,,,-6.7317914864937,72.4,70.6
"Charleston Southern",93.6919,106.966,0.178906,10-20,7,27,45.2,50.9,31.2,33.5,18.1,13.4,27,29,67.6,44.1,52.3,31.4,31.9,7.4,8.2,40.7,44.5,35.9,31.5,66.8722,,,,2024,,,,-14.189902452023,73.2,70.8
"Northern Iowa",109.163,102.49,0.673798,19-14,18,32,51.6,52.2,37.4,30.5,15.2,16.5,23.9,22.5,67.6,51.9,52,34.1,35,7.4,8.5,48.4,45.4,36.8,41.1,66.6148,,,,2024,,,,-5.1898855355534,71.4,77
"South Carolina",114.866,100.012,0.830956,26-8,26,34,50.9,48.4,31.8,31.6,15.5,14.9,32.8,27.9,64.8,50.9,47.3,33.9,33.9,8.2,13.5,60.5,47.6,41.1,31.3,63.2471,,,,2024,,,,4.6848661398161,71.1,73.4
Lamar,101.987,108.51,0.328964,19-14,17,31,50.9,49.2,33.2,39.2,18,19.3,33.1,31.9,69.9,50.2,48.8,34.8,33.3,10.4,7.5,59.4,58,35.3,39.6,68.4108,,,,2024,,,,-10.021738221279,73.2,70.6
Kentucky,122.728,102.645,0.886445,23-10,23,33,57.2,49.6,30.4,33.5,14.2,15.9,28.9,30.3,73.9,54.7,49.4,40.9,33.2,16.2,8.7,54.9,52.1,37.5,40.1,72.518,,,,2024,,,,2.7646225883045,77.2,71.5
Lafayette,93.1151,106.832,0.170746,11-21,10,31,46.9,48.5,23.9,31.5,17.5,17.4,24.2,29.1,65.3,47,46.6,31.2,34.3,12.5,9.1,56.6,51.9,40,38.5,65.3707,,,,2024,,,,-17.026554631894,68.2,73.7
"North Carolina Central",104.401,112.663,0.294027,18-13,14,27,49.8,49,40.4,37.1,17.8,18.1,31.3,33.7,67.2,49.8,51.5,33.2,29.7,6.7,10,45.4,52.7,37.9,36.7,66.5621,,,,2024,,,,-9.6610995749632,69.7,72.4
Wisconsin,118.65,98.8753,0.890576,22-14,22,36,52.2,52,33.8,33.8,14.9,16.9,30.2,24.5,66,52.2,50.2,34.9,36.9,4.6,10.7,48.1,47.3,35.5,34.3,65.2331,,,,2024,,,,2.9553804876127,75.5,72.4
Alabama,124.863,101.722,0.913506,23-11,23,34,56.3,49.4,35.9,40.2,15.9,15.6,34.8,30.2,74.4,57.4,50.9,36.7,31.3,10.4,12.7,51.4,45,46.6,36.9,72.7293,,,,2024,,,,3.2962256672049,77.6,73.9
"Tennessee Tech",94.3676,113.391,0.107942,10-21,7,28,49,52.5,31,24.6,17.8,15.4,18.9,28.1,66.9,49.2,52.7,32.3,34.8,7.1,9.5,46.8,54.7,34.1,37.7,65.8059,,,,2024,,,,-17.293259702116,71.4,78.2
NJIT,97.6402,113.55,0.149822,7-21,6,27,44.6,52.4,31.2,39.7,16.4,16.6,28.3,32.9,68.3,44.7,52.3,29.6,35,8.8,9.9,43,53.8,39.2,35.8,66.512,,,,2024,,,,-16.828444951081,70.7,69.6
IUPUI,92.6313,117.069,0.0634147,6-26,3,29,46.5,58.2,33.2,33.4,21.3,18.5,30,35.5,68.6,49.5,59,24.7,38,6,7.7,42.4,55.3,24.3,37.5,67.4391,,,,2024,,,,-21.582762349103,72.3,73.5
"Alabama A&M",93.3096,107.872,0.15873,12-23,12,35,45.9,49.1,47.2,45.2,22.4,19.4,31.8,32.7,71.7,46.9,46.9,28.7,35.2,10.8,8.1,45.8,54,26.9,36.8,70.5592,,,,2024,,,,-17.549580428069,72.2,74.9
"Cal Baptist",101.62,106.443,0.369762,16-17,14,31,47,49.2,36.8,30.3,17.6,15.3,32.7,24.9,65.3,45.7,48.4,32.9,34.3,6.4,9.9,48.2,45.6,36,26.8,63.6442,,,,2024,,,,-11.978005330053,68.7,72
Dartmouth,93.5409,109.518,0.140222,6-21,4,25,47.6,54.2,27.8,24.4,19.4,13.4,20.7,24.5,65.9,48.2,53.2,31.2,37,10.3,9.7,55.5,52.4,42.7,42.4,65.1157,,,,2024,,,,-15.962001303269,67.5,70.2
"La Salle",105.893,106.859,0.473926,16-17,15,32,49.2,50.7,24.8,33.3,14.2,15.4,27,30.8,67.2,47.6,49.3,34.5,35.8,8.1,9.8,53.8,51.4,39.8,32.8,66.8034,,,,2024,,,,-9.7587005912632,72.3,71.7
Tulsa,101.533,104.706,0.412457,16-15,15,30,50.3,49.7,40.6,35.1,18.2,18.1,24.4,30.4,71.3,51.7,50,32.1,32.7,8.4,7.3,49.9,53.1,41.2,38.7,70.5863,,,,2024,,,,-9.3557641429325,73.8,69.4
Kansas,113.723,94.0656,0.898654,23-11,22,33,53.5,48.3,32.5,28.5,16.5,16.5,25.7,26.5,69.8,54.7,45.8,33.6,34.6,11.1,6.9,66.9,52.1,29.8,41,68.9954,,,,2024,,,,3.7829695024392,72.2,69.4
"St. Thomas",106.794,104.827,0.553253,20-13,17,30,54.4,52,29.4,29,14.8,18.5,24,25.5,63.4,55,52.8,35.7,33.8,6.3,8.2,50.9,48,46,39.6,63.0292,,,,2024,,,,-9.2307290149644,72.4,73.9
"Grand Canyon",110.951,98.8072,0.791343,30-5,29,34,51.4,45.8,46.7,34.1,17.8,19.8,34.1,30.2,69.4,52.1,44.5,33.5,32.1,14,7.5,44.9,48.7,36.1,34.2,68.3276,,,,2024,,,,1.3426203216215,74.9,70.6
"Michigan St.",113.244,93.3356,0.902337,20-15,20,35,51.6,48,29.3,32.4,15,18.5,29.8,28.5,66.4,50.5,47.4,36.2,32.6,11.7,7.8,58.8,54.8,30.5,41.6,65.3552,,,,2024,,,,-0.14586275459789,70.8,71.5
"Cal St. Fullerton",99.3013,104.495,0.35749,14-18,12,30,48,49.9,38.6,35.6,18.1,17.9,24.3,29.6,67.3,47.7,51.3,32.2,31.8,9,8.2,36.8,51.2,36.2,38.6,66.4338,,,,2024,,,,-11.839156831286,71.7,71.8
"Southeastern Louisiana",97.7837,109.783,0.208971,15-17,12,29,48.4,51.3,35,30.2,20.9,17.3,30.7,30.3,66.4,46.6,52.2,34.1,33.4,7.5,9.2,60.3,61.1,38.6,44.8,64.8677,,,,2024,,,,-11.930808556534,74,73.1
"UC Riverside",103.766,108.178,0.38253,16-18,14,32,46.3,52.3,28.6,34.8,14.3,15.8,29.8,25.3,67.4,44.6,52,32.3,35.3,3.4,10.2,52.4,52.2,42.2,33.3,66.9861,,,,2024,,,,-11.867269564032,71.4,71.3
Clemson,117.08,97.5662,0.890585,23-11,23,34,53.8,48,31.1,31.8,14.9,13.8,27.4,25.7,67.6,54.3,46.9,35.4,33.1,11.2,6.7,53.9,43.6,39.9,40.5,66.3341,,,,2024,,,,0.91989213184651,79,73.6
"Central Connecticut",99.844,108.61,0.275329,20-11,18,29,50.2,49.6,33,26.7,16.7,17.5,27.6,26.8,67.4,50.8,48.2,32.8,34.8,12.2,8.7,54.2,56,35.4,35.2,66.8119,,,,2024,,,,-8.1181392671292,70.7,68
"Coastal Carolina",98.5424,111.243,0.198747,9-22,7,29,49.4,50.1,32.5,29.5,19.1,12.7,29.3,30.5,71.1,50,50.6,32.1,33,8.5,9,45.9,56.5,32.9,46.6,69.3931,,,,2024,,,,-17.779706891484,67.4,69.4
"North Carolina A&T",95.0905,113.963,0.110858,7-25,7,32,43.9,54.5,34,29.5,13.8,15.9,24.3,34,68,44.4,55.5,28.7,35.2,8.6,9.4,44.9,52.7,35.7,37.2,68.0578,,,,2024,,,,-19.115705572753,71.3,68.2
Washington,114.706,101.162,0.809214,17-15,17,32,53.5,50.1,32.1,33.1,15.9,15.8,27.1,28.9,72.1,53.8,49.9,35.4,33.7,9,8.9,51.8,51.2,36.8,34.8,71.2303,,,,2024,,,,-3.5438585603123,72.2,69.5
"Colorado St.",112.884,96.5662,0.857609,25-11,23,34,54.2,48.5,31.8,31.7,15.4,16.6,24.6,26.9,66.4,57,48,33,33,7.9,8.3,64.9,47.6,38.2,33.7,66.0742,,,,2024,,,,1.341803568282,75.2,73.7
"Indiana St.",118.3,101.833,0.848616,30-6,29,35,59.8,49.2,33.3,26,16.4,15.6,23.5,23.5,71.4,62.5,48.7,38.1,33.4,4.4,11.5,60.2,38.6,49.2,33.8,70.7032,,,,2024,,,,1.8280011243826,80.5,74.4
UMBC,104.41,111.735,0.31438,11-21,10,31,52.7,50.3,24.1,28.3,17.5,14.9,25.5,31,74.7,52.6,52.2,35.3,31.3,9.1,7.3,43.5,45.5,35.1,36.4,73.314,,,,2024,,,,-16.93573093726,70.9,72.7
"Louisiana Monroe",100.019,110.375,0.243612,11-19,9,28,44.8,52.6,38.4,37.6,18.2,17.2,34.1,29,68.3,45.6,51.7,28.5,35.8,6.4,9.1,48.8,58,28.7,44.9,67.1566,,,,2024,,,,-13.457076155719,66.3,72.9
"The Citadel",101.036,110.01,0.273177,11-21,8,29,50.6,53.5,33.7,22.5,18,16.1,27.3,26.8,66.4,51.3,54.1,32.8,35.2,7.5,11.3,43.9,55,33.3,39.9,65.4629,,,,2024,,,,-15.78039893333,70.7,73
Hofstra,108.3,102.062,0.664231,20-13,19,32,55.4,49,22.3,29,15.7,17.7,22.9,29.7,66.4,55.5,46.9,36.8,34.6,10.4,8.3,55.5,53.8,46.1,42.4,65.7219,,,,2024,,,,-6.4960058307805,75.6,76.2
"UMass Lowell",105.064,105.658,0.4838,22-10,19,29,50.4,47.3,40.1,26.9,18.2,15.5,32.1,26.9,71.8,51.3,49.1,32.3,29.2,11,9.7,43.5,42.1,29.2,33.7,69.8369,,,,2024,,,,-6.0942392177269,74,69
"South Alabama",103.175,107.556,0.382684,16-16,14,29,50.9,50.7,31.6,33.9,16.3,16.7,22.8,31.8,69.7,50,52.3,35.1,31.9,6.8,11.4,40.3,45.6,36.1,36.1,68.1452,,,,2024,,,,-11.180361550722,74.8,69.1
Butler,112.199,99.0639,0.807192,18-15,17,32,51.9,50,26.7,22.3,15.4,16,26.3,29,69.3,51.5,50.9,35,32.4,8.2,10.5,53.4,48,38,37.5,68.567,,,,2024,,,,-1.177256099127,78.8,73.9
"SIU Edwardsville",100.069,110.128,0.249453,17-16,14,30,47.2,51.1,31.9,37.2,15.6,17.4,30.1,28.2,67.4,46.2,49.2,32.5,36.2,11.3,10.1,42.5,53,36.8,37.5,67.0015,,,,2024,,,,-12.052520362452,72.7,71.8
"Northern Colorado",106.123,110.231,0.392497,19-14,17,31,55.1,52.5,27.8,29.1,15.7,15.4,23.9,25,70,56.4,52,35.1,35.6,6.5,7.8,49.7,46.8,35.9,39.4,69.9559,,,,2024,,,,-9.0968518387133,72.7,75.2
Iowa,119.409,104.478,0.822913,19-15,19,34,52.9,52.2,33.1,32.9,13.2,16.4,27.4,30.3,72.7,52.9,51.4,35.1,35.8,9.9,8.3,59.2,53.8,29.9,35.9,71.9383,,,,2024,,,,-0.71117113376622,77.4,70.4
"Florida A&M",92.0792,109.876,0.11588,6-23,5,27,47.5,51.8,28,39.2,21.4,16.3,26.3,31.7,69.6,46,51.1,34.1,35.3,7.6,9.6,56.2,48.8,29.9,36.6,68.2099,,,,2024,,,,-16.862900117666,69.3,67.3
TCU,114.028,97.9995,0.850945,21-13,21,34,51.5,50.7,35,35.4,18,20.6,35.9,28.4,70.6,50.8,51.3,35.4,33,10.2,9.1,59.3,56.7,30.3,35.1,70.0116,,,,2024,,,,0.90123933931342,73.1,70.4
"Middle Tennessee",98.2988,105.755,0.301361,14-19,12,31,46,49.5,34.9,29.6,20.6,15.8,28.2,30.4,66.5,45.6,49,31.1,33.8,10,10.9,43.8,42.6,42.1,29.7,65.4363,,,,2024,,,,-13.262413374797,70.2,73.4
Oregon,114.21,99.5418,0.829321,24-12,24,36,51.9,51.5,32,32.3,14.7,17.8,28.6,27.3,68.4,52.6,51,33.8,34.9,10.1,9.3,50.6,50.8,36.3,36.9,67.2006,,,,2024,,,,1.4327533819777,71.9,72.3
Harvard,101.07,105.125,0.388791,14-13,13,26,50.2,50.1,35.7,25.8,17.8,16,26.5,31.3,67.7,49.9,49.5,33.8,33.9,11.5,11.4,51.6,53.3,39.4,40.8,67.6518,,,,2024,,,,-7.7260157114389,70.5,69.2
Florida,120.601,100.173,0.894191,24-12,24,36,51.8,49.3,38.4,34.8,15.7,14.5,37.3,28.8,73.1,51.8,49.5,34.5,32.6,12.1,9.4,50.6,42.3,34.5,32.4,71.8279,,,,2024,,,,2.7518563139051,71.5,71.2
"Saint Joseph's",110.345,101.597,0.72109,21-14,21,35,53,49,28.7,28.8,16.5,17.6,29.1,29.1,68.6,53,48.6,35.2,33,11.1,13,55.3,54.8,47.8,42.5,68.4648,,,,2024,,,,-4.6884476014861,72.6,72.1
"Saint Mary's",115.479,93.9194,0.915015,26-8,25,33,52.8,45.1,28,33.4,16,16.7,38.7,22.3,63.6,52.7,43.8,35.3,32.3,9.9,7.9,58.4,47.7,36.8,29.2,62.4656,,,,2024,,,,1.5299143186104,67.2,71.6
"Texas A&M Corpus Chris",99.7126,101.667,0.444427,21-12,17,29,46.3,48,36.3,47.3,17.6,19.8,33.9,25.1,70.1,47.3,48.8,29.4,31,8.1,10.6,52.2,50.1,29.7,36.4,68.7926,,,,2024,,,,-6.5520753807065,71.4,71
"Ohio St.",115.103,98.2939,0.860024,22-13,22,35,50.9,48.5,34.3,30.4,15.5,15.8,31.6,28.5,67.3,50.5,46.8,34.4,34.4,11.3,7.1,50.9,47.6,34.9,33.6,66.0588,,,,2024,,,,-0.55971944699912,76.7,71.3
"Florida St.",110.559,100.734,0.744645,17-16,17,33,50.3,52.2,36.8,41,16.4,20.7,28.5,32.8,72.2,51.5,51.6,31.7,35.4,12,7,45,48.3,31.6,38.2,71.0337,,,,2024,,,,-3.3193786024766,70.7,70.2
"Seton Hall",111.479,97.736,0.819506,22-12,22,34,49.9,49.3,31.5,26.1,18.8,17.9,35.8,29.3,67,50.1,48.6,33,33.5,14,11.1,48.1,56.8,31.1,42.5,66.2257,,,,2024,,,,0.64773941344695,77.7,76.3
"North Carolina",118.438,93.8515,0.935584,29-7,29,36,51.7,46.4,36.7,28.2,14.1,14.8,32.6,23.3,71.3,50.6,45.8,35.8,31.7,10.3,9.3,51,40,35.9,35.8,70.6023,,,,2024,,,,6.7136762707382,75.6,74
"Houston Christian",96.601,119.941,0.0766487,6-23,4,27,46.9,54,36.8,28.6,21,13.6,29.7,33.7,72.8,47.9,55.5,29.5,34,6.2,11.5,41.4,52.2,28,34.1,71.6579,,,,2024,,,,-17.310452957166,64,71.6
Lehigh,98.8036,106.782,0.29049,14-18,12,30,49.5,51.7,33,29.6,16.9,17.9,22,23.5,69.6,50.2,50.7,32.2,35.6,6.4,10,50.5,47.1,37.6,37.2,70.158,,,,2024,,,,-13.523622910712,74,69.9
Navy,95.7761,111.153,0.152867,13-18,12,30,44,50.3,34.8,35.7,15.6,20.5,31.8,30.8,65.4,43.8,50.9,29.6,32.9,6.5,12.6,51.5,55.6,33.1,40.7,65.537,,,,2024,,,,-15.427404582252,71.4,72.1
"Santa Clara",108.735,103.369,0.641524,20-13,19,32,52.3,48.4,31.6,33.3,18.2,14.4,34.1,26.1,69.7,52.6,48.9,34.5,31.7,7,6.9,54.2,48.6,38.5,37,69.1652,,,,2024,,,,-3.8971271835328,71.4,70.4
"Loyola Marymount",108.317,109.593,0.466402,12-19,11,30,51.6,50.4,28.8,28.3,16.3,12.4,29.4,27.1,65.9,49.2,49.8,36.8,34.3,6.5,10.4,46.6,52.1,39.9,31.7,64.9213,,,,2024,,,,-11.751099355658,73.5,73.6
Delaware,104.391,103.803,0.516235,19-14,18,32,51.9,48.7,30.9,27.1,16,15.1,27.5,27.9,67.4,53.2,49.7,33,31.3,7.7,10.4,51.1,46.5,35.7,36.4,67.4528,,,,2024,,,,-9.2001119670612,70.7,70.7
"Miami OH",98.944,105.37,0.326588,15-17,13,30,51,49.3,30.4,31.9,17.2,18,22,30.7,67.8,48.7,50.5,36.2,31.5,7.8,9.9,57.2,47.3,40.3,36.8,67.4286,,,,2024,,,,-12.473207046102,71.9,72.5
"New Mexico",114.083,95.732,0.882553,26-10,25,35,50.5,48.1,33.2,33.4,14,19.3,33.5,27,72.4,51.1,49.2,32.7,30.7,13.2,9.6,48.9,54.3,29.9,36.5,72.8641,,,,2024,,,,1.7477473770427,71.6,74
"Coppin St.",85.2084,111.294,0.0443055,2-27,2,29,42.1,51.3,31.1,38.3,22.9,21.8,27,38.6,67.3,41.9,51,28.3,34.5,8,9.5,40.7,58.6,34.4,37.6,66.4325,,,,2024,,,,-23.065540955847,72.6,73.9
Temple,102.284,104.144,0.448381,16-20,15,35,46,50.4,32.1,36,14.1,17,28.2,29.7,67.7,44.9,51.3,31.7,32.6,8,10.5,45.6,54.4,42.1,38.6,66.9072,,,,2024,,,,-11.765783298091,70.9,72.3
Monmouth,104.87,107.999,0.416274,18-15,18,33,49.4,50,29.2,33.3,15.3,17.8,30.5,32.2,68.1,47.8,49.3,34.8,34,10.5,9.9,50.2,56.2,36.3,43.2,67.8451,,,,2024,,,,-8.6418218775955,71.6,74.5
Southern,96.9726,103.097,0.330856,18-14,15,29,49.4,50.4,35.6,46.2,20.1,22.1,26.5,30.8,69.5,49.9,51.5,32.5,32.2,10.2,9.4,54.8,55.9,38,35.6,67.8002,,,,2024,,,,-8.1821282463407,66.7,72.2
"Southern Miss",99.6502,106.982,0.306518,16-16,14,30,48.4,50.5,37.9,33,18.5,17.2,28.9,30.5,69.2,47.2,48.9,33.8,35.7,12.7,7.5,48.5,46.8,33.6,34.5,67.9151,,,,2024,,,,-11.097551151953,70.8,67.7
California,108.039,102.956,0.6351,13-19,13,32,49.2,51.3,29.2,33.1,16.2,14.7,28.6,26.7,69.8,48,50,33.8,35.7,6.7,9.9,46.5,47,42,36.2,68.5187,,,,2024,,,,-7.5304703785744,72.7,72.3
"Georgia St.",104.061,109.718,0.352338,14-17,12,29,48.5,49.3,28.6,35.9,13.8,14.2,27.2,30.5,70.1,48.6,51.2,32.2,30.8,6.9,10.1,41.1,49.5,35.3,38.5,68.0136,,,,2024,,,,-11.811768277836,75.6,71
"Miami FL",110.419,101.152,0.732639,15-17,15,32,52.7,51,24.6,22.3,17.2,16.6,28.7,28.5,70,51.6,52,36.1,33.3,9.3,9.4,51.1,57.2,40.4,46.1,68.8206,,,,2024,,,,-5.1886412688244,74.5,71.1
Georgia,109.832,98.4706,0.778293,19-16,19,35,49.9,49.6,37.6,30,16.2,16.2,27.3,30.5,70.4,48.9,49.8,34.3,32.9,8.1,12,46.7,53.7,40.3,37.7,68.5196,,,,2024,,,,-3.9566445829227,72.2,72.2
"North Dakota",104.822,109.626,0.373934,18-14,15,29,50.2,52.4,32.2,29.6,15,15.3,30.7,26.1,67.8,51.5,52.2,32.3,35.2,7.5,5.8,43.5,40.1,41.8,33.9,66.7765,,,,2024,,,,-10.13476873973,70.4,74.2
"Louisiana Lafayette",105.051,103.012,0.556136,19-14,17,31,50.7,49.9,28.6,40.1,16.8,20.6,30.8,32.9,70.4,51.7,53.7,32.6,27.9,9.1,10.1,43.4,43.9,36.2,32.1,68.6348,,,,2024,,,,-8.6383283829989,73.8,71.7
"Saint Louis",111.464,112.564,0.471797,13-20,12,32,51.5,54.3,36.3,35.3,16.8,14.2,26.1,28.5,69.4,49.6,53.9,36.4,36.6,8.8,11.3,50.9,50.4,37.8,42.4,69.5201,,,,2024,,,,-11.037956632584,75.6,73
"Arizona St.",103.335,99.3524,0.61112,14-18,14,32,47.3,51.7,33.1,31.2,14.8,19.4,21.8,29.7,70.6,48.6,52.2,30.1,34,10.2,7.2,48.7,57.5,37.7,39.2,69.1395,,,,2024,,,,-5.7797722273755,65.5,70.8
Iona,102.318,108.02,0.348965,16-17,16,33,50,52.8,28.5,37.5,14.9,22.2,28.3,30.8,68,48.2,54.1,35.3,34,9.2,10.4,55.1,56.5,38.7,40,67.0346,,,,2024,,,,-12.666734689972,65.2,73.9
Stetson,107.784,114.162,0.34049,22-13,19,32,52.8,52.3,31.8,25.5,15.9,13.5,27.4,31.5,66.8,52.1,52.6,35.9,34.6,7.8,8,48.4,49.9,41.7,37.3,66.238,,,,2024,,,,-6.9480252771347,76.3,73.4
Marshall,100.021,106.208,0.333989,13-20,12,32,46.8,51.4,28.8,29.9,16.5,16.2,29.8,27.9,72.3,47.1,49.8,31,36.2,10.6,7.1,57,48.8,41.3,35.3,70.6599,,,,2024,,,,-14.078997357153,70.6,70.4
"Eastern Michigan",96.3692,110.501,0.171698,13-18,11,29,47.9,52,25,31.5,17,15.7,27.6,31.2,66.3,48.7,54.7,30.8,31.9,6.5,8,40.9,50.4,32.3,39.5,65.4286,,,,2024,,,,-14.103964103315,67.2,68.8
Niagara,101.473,111.134,0.260021,16-16,15,31,52,52.2,36,30.7,17.4,16.5,23.4,26.8,67.7,51.2,52.1,35.9,35,5.2,8.9,48.6,41.3,31.8,27.6,67.3958,,,,2024,,,,-12.464879938127,74.8,71
Campbell,100.569,112.096,0.223064,14-18,11,29,52,52.2,33.7,23.6,18.1,16.4,23.8,31.2,66.5,52,52.9,34.6,34.1,6.7,9.9,51.9,51.1,38.6,43.3,66.4282,,,,2024,,,,-13.846924107405,71.9,72.2
Mercer,103.891,107.757,0.396489,16-17,14,30,50.1,51.2,27.6,38.9,16.6,17.9,30.6,31.1,67.5,48.8,51.2,35.4,34.2,9.3,7.6,49.6,45.7,30.1,36.9,66.0753,,,,2024,,,,-11.565366476723,66.3,72.5
Lindenwood,91.4649,113.515,0.0770042,9-22,6,28,43.3,53.9,38.3,40.2,17.9,17.7,23.6,28.7,68.3,43.2,52.5,29,37.6,7.2,10.1,35.2,50.3,30.7,37.4,67.5126,,,,2024,,,,-18.150676733915,72.8,72.8
"St. Bonaventure",111.19,103.99,0.68349,20-13,20,33,52.3,51.1,32.2,33.9,16.2,19.2,29.7,28.5,66,50.8,51.8,36.5,33.5,12,8.2,48.3,58,36.7,40.7,65.565,,,,2024,,,,-5.0038995519892,77.4,69.5
"Oregon St.",106.331,104.539,0.548709,13-19,12,31,49.8,51.3,35.6,35.9,18.3,16.8,26.2,31.1,66.1,49.9,52.3,33.1,33.2,10.7,8.4,45.9,55.2,34,37.9,65.2143,,,,2024,,,,-7.7373541309172,73.7,71.2
Lipscomb,109.176,113.804,0.382858,20-12,18,30,56.2,53.5,27.5,22.8,14.2,16.1,23.2,29.3,70.5,55.7,52.8,38.1,36.5,8.1,10.1,48.6,42,39.8,36.6,69.3017,,,,2024,,,,-7.4049525720732,77.8,71.8
"Kennesaw St.",103.656,113.043,0.269554,15-16,12,28,51.5,53.1,35.4,43.2,16,17.6,30,30.5,74.9,53,51.3,32.9,37.2,10.9,12.1,48.1,48.2,42.5,39.5,74.1344,,,,2024,,,,-12.605023354217,67.7,73.1
"James Madison",111.694,100.482,0.771452,32-4,31,35,53.9,47.2,34.9,35.1,14.9,19.7,31.8,27.7,71,53.8,48.6,36,29.7,8,9,53.9,43.5,37.8,35.5,69.8968,,,,2024,,,,1.3837433469193,70,72.8
Georgetown,109.461,110.977,0.460536,9-23,9,32,48.6,55.7,33.9,33.6,17.9,16.4,33.4,30.7,67.5,46.3,57.4,34.6,35.3,8.6,11.4,50.5,55.5,41,38.2,66.742,,,,2024,,,,-10.739184777061,71.4,71.5
"USC Upstate",99.2814,108.363,0.267647,10-20,7,27,49.6,52,29.5,45,16.4,18.6,23.9,34.3,67.4,50.2,53,32.5,33.5,9.2,9.3,47,45.5,39.9,35.7,67.173,,,,2024,,,,-15.313409733723,64.2,71.5
"Morgan St.",96.5031,113.737,0.131293,11-20,8,28,47.4,52,31.3,41.4,20.2,18.2,29.5,37.2,71.1,49.3,51.6,28.2,35.3,8.2,8.7,44.4,48.5,26.9,32.4,70.7156,,,,2024,,,,-15.55480635511,75.8,69.2
"New Hampshire",97.8309,106.658,0.270226,16-15,15,30,47.9,50.5,29.8,27.5,16.6,16.4,23.5,25.5,72.9,48.1,53.5,31.8,30.5,5.4,13.2,44.7,50.5,43.7,38.4,71.4548,,,,2024,,,,-9.4455472817978,74.3,73
"Iowa St.",114.122,87.4256,0.955405,29-7,29,36,52.2,47.3,35.3,34.3,15.5,25.5,31.4,29.4,67.9,51.6,47.2,35.6,31.5,10.8,8.9,58.4,58.6,32,45,67.3698,,,,2024,,,,6.343299576276,69.9,71.5
Vermont,104.123,98.5993,0.651777,28-7,26,33,51.6,46.8,29.2,26.8,13.9,15.1,22.3,23.5,65.4,52.9,46.5,33.3,31.5,10.9,10.7,52.2,43.5,43.9,36.5,63.3308,,,,2024,,,,-1.3781965015489,71.8,72.3
Purdue,126.807,94.8969,0.965564,31-4,31,35,56.2,47.3,42.4,23,16.3,13.8,37.9,24.2,68.9,53.4,47.5,40.9,31.4,9.8,6.4,65.4,54.7,35.1,37,67.7061,,,,2024,,,,10.672858490496,72.1,72.5
Drake,114.719,100.037,0.82848,28-7,27,34,54.7,50.8,32.3,31.3,13.8,17.5,24.1,22.5,68.6,54.8,51.3,36.4,33.3,4.6,7.2,56.3,42,39.2,38.9,67.9515,,,,2024,,,,1.5780721509628,75.6,70.5
"Mississippi St.",112.186,95.4314,0.865314,21-14,21,35,51.4,48,37.4,31.8,18.9,18.4,35.4,27.9,68.7,53.4,50.3,32.2,29.8,9,10.6,53.1,48.5,38.5,41.2,67.153,,,,2024,,,,0.56462032468264,67,75.2
"Holy Cross",99.3619,120.977,0.094184,10-23,9,32,50.1,53.6,25.9,30.6,16.5,12.8,23.2,28.1,65.4,48.7,50.7,35,38.7,9.2,9,43.8,52.9,37.7,39.7,65.8309,,,,2024,,,,-19.365959781416,66.7,72.2
Hampton,95.4618,111.304,0.146074,9-24,6,30,46.7,51.6,29.4,29.9,17.9,15,27.9,31.9,70,46.9,52.1,30.9,33.9,9.5,8,48.3,49.5,38.6,39,69.8578,,,,2024,,,,-20.148393740648,71.4,75.8
"Western Michigan",98.1176,111.261,0.190662,12-20,11,31,48.7,50.9,31.5,31.5,19.7,15.5,33.7,29.6,68.5,48.4,50.8,32.8,34.1,7.6,6.3,49.3,51,38.9,38.5,68.5202,,,,2024,,,,-15.241759050424,62.3,72.1
"New Mexico St.",99.4516,108.217,0.274613,13-19,9,28,46.9,50.9,32.7,44.8,17.7,15.8,25.4,29.6,68.1,47,50,31.2,34.7,8.9,7.2,45.1,56.3,34.6,42.4,66.3288,,,,2024,,,,-12.632665988827,68.4,70.6
"Ball St.",102.237,109.712,0.307569,15-16,13,29,50.8,51.3,38.2,27.6,18.2,16.2,27.3,27.9,67.5,48.7,50.6,36.1,35.1,7.9,9.1,51.5,47,37.9,35.2,66.753,,,,2024,,,,-12.546928343702,77.5,71.4
Milwaukee,106.22,112.534,0.339828,20-15,18,33,51,50.6,34,32.8,17.9,15.5,36,32.6,70.5,52.7,50.2,32.2,34.2,11.3,11.5,50.2,55.5,38.8,38.4,69.9783,,,,2024,,,,-9.922101387066,73.7,75.6
Portland,103.83,112.34,0.287849,12-21,10,31,50.5,55.3,31.7,22.6,17.1,13.2,23.6,28.8,68.3,49.9,53.9,34.1,38,5.7,8.8,53.1,58,44.5,45.1,67.7847,,,,2024,,,,-13.22093185728,71.4,70.9
Albany,104.085,110.911,0.325103,13-19,12,31,50.4,51.4,29.2,38.9,17.7,17,30.6,29.4,74.4,51,54.6,32.9,29.3,7.4,11.5,44.5,46.6,36.9,29.6,73.1528,,,,2024,,,,-14.026359002629,72.5,72.4
"Washington St.",112.882,96.4825,0.858795,25-10,25,35,51.8,47.2,31.6,32.3,16.4,15.7,32.9,25,66.4,52.2,46.5,33.9,32.5,12.3,6.6,45.9,45.6,32.2,31.1,64.8608,,,,2024,,,,1.9170977848829,70.4,73.1
"Tarleton St.",108.253,105.218,0.581045,25-10,22,32,50,50.4,30.4,34,16.6,20,30.1,32.7,67.9,50,50.4,33.3,33.5,10,8.4,51.2,47.5,30.4,36.3,66.6482,,,,2024,,,,-3.0409173378548,76.3,70.6
"San Francisco",109.918,98.1814,0.785592,23-11,22,33,55,49.5,23.5,37.9,16.8,19.8,29.1,24.3,68,56.6,48.3,35.1,34.3,10.3,5.9,54.9,49.2,40.1,37.8,67.1418,,,,2024,,,,-2.3427221851587,75.8,69.5
Bucknell,98.648,106.797,0.286427,14-19,14,33,50.4,49.5,29,31.5,18.9,16.4,25.9,28.6,64.1,50.2,50.1,33.8,32.4,10.7,10.7,52.6,60.2,44.9,42.2,64.9365,,,,2024,,,,-14.61615376122,71.6,70.2
Connecticut,127.099,92.6901,0.974183,33-3,33,36,57.2,44.7,32.8,32.1,14.7,16.2,36.2,26.6,66.3,59.2,43.5,36.1,31.3,14.2,8.1,63.7,45.5,40.7,33,64.9721,,,,2024,,,,10.921325042225,74.2,72.7
"Southern Indiana",96.59,111.678,0.158537,8-24,5,29,45.6,49.5,37.6,48.6,19.4,16.6,27,28.5,69.7,44.5,49.3,31.6,33.3,7.9,9.6,48.5,51.5,36.3,37.5,69.1752,,,,2024,,,,-19.177334045389,74.4,73.9
"Florida Gulf Coast",102.033,108.256,0.336058,14-18,11,29,52.1,52.8,27.2,29.3,17.6,15.8,29.6,28.3,65.5,50.8,52,36.2,35.9,9.6,7.6,44.2,51.8,37.3,42.8,63.9828,,,,2024,,,,-13.307543394712,70,69.8
"San Jose St.",104.884,109.362,0.382076,9-23,8,31,51.4,54.4,22.4,35.9,15.6,15.9,22.4,30.2,65.9,51.5,52.3,34.2,38.9,8.8,8.8,51.4,55.5,42,35.1,65.8649,,,,2024,,,,-13.850855605463,69.9,69.5
"Utah Valley",98.5192,99.5455,0.47024,16-16,14,30,47.1,48,35.4,36,18.1,18.1,28.5,27.2,68.9,48.9,47.6,28.5,32.6,12.2,9.3,58.4,58.6,28.9,34.6,67.7814,,,,2024,,,,-9.7236363339021,67.2,69.3
Missouri,108.225,104.872,0.589514,8-24,8,32,50.2,51.4,31.7,42.5,16.8,18.7,26.8,35.8,68.5,51.8,51.2,31.9,34.4,14,9.7,48.1,52.7,39.7,39.8,66.7691,,,,2024,,,,-11.513250593131,79.2,74.1
Cincinnati,110.864,95.3119,0.850461,22-14,22,36,50.1,47.5,27.6,28.6,17.3,17.5,36.5,25.3,68.4,50.8,46.3,32.7,33.2,11.6,9.2,53,52.9,36.7,34.3,67.4109,,,,2024,,,,-1.3246990294154,68.9,75.3
"South Dakota St.",108.127,105.114,0.580545,22-13,19,32,55.2,51.3,30.1,27,16.6,16.4,24.4,25.1,68.1,55.6,49.5,36.4,35.5,9.5,8.8,46.9,48.5,40.4,46.9,67.9457,,,,2024,,,,-7.6425499217591,71.8,74.2
"Boston University",98.0288,108.219,0.242821,16-17,15,32,47.8,50,30.2,36.2,17.7,16.9,26.6,23,65.7,46.8,48.7,32.8,34.6,9.8,9,54.8,50.3,40.8,41,65.9422,,,,2024,,,,-14.19959999978,72.3,69
"Air Force",106.544,111.945,0.361565,9-22,9,31,53.8,54.2,29.6,39.1,18.8,17.6,23.8,31.5,63.4,53.6,53.7,36.1,36.6,11.8,11.3,62,49.9,47.2,36.7,62.0348,,,,2024,,,,-13.611864495261,68.2,74.7
"Texas Tech",116.803,99.1457,0.868169,23-11,23,34,52.6,49.2,34.2,27.2,16.5,17,30.2,30.3,67.2,51.6,49.8,35.9,32.2,7,10.3,56.1,47.1,41.4,38.6,66.5495,,,,2024,,,,2.8060477740396,78,71.4
Bradley,111.599,98.8234,0.801882,23-12,22,34,55.1,47.6,27.5,35.1,18.1,18.3,28.1,28.2,67,54.9,46.5,37,33,11.7,6,48.6,49.5,41.6,38.3,66.3574,,,,2024,,,,-3.5166669410263,73.5,72.2
Troy,106.848,102.165,0.626079,20-12,17,29,50.1,49.8,41.3,39.8,19.6,20.8,34.8,30.7,70.5,48.2,47.7,35.3,35.9,8.5,11.9,49.9,44.7,40,33.7,69.756,,,,2024,,,,-7.4384470738533,73.1,70.7
Gonzaga,123.033,98.3405,0.929315,27-7,26,33,57.1,46.8,31.3,25.4,14.1,16.1,33.3,27.5,69.7,58.3,44.6,36.3,33.8,9.9,6.3,52.7,48.9,31.3,36.6,69.1367,,,,2024,,,,2.4304826842237,72.8,72.4
"South Florida",110.406,100.863,0.73878,25-8,25,33,51.8,47.9,37.8,34.6,15.6,18.5,28.2,30.5,69,49.5,48.2,36.7,31.5,9.4,8.9,58.7,50.6,42.3,37.9,67.9944,,,,2024,,,,-0.84796717275547,73.7,67.1
Stonehill,90.7211,114.398,0.0649646,4-27,3,30,46.7,52.7,22.6,29.4,19.5,16.6,22.5,31,69.4,47.9,51.7,30.1,35.9,7.2,13.9,51.7,60.8,47,46.2,68.2178,,,,2024,,,,-22.035108042176,69.7,73.9
"Loyola MD",93.684,112.321,0.110413,7-25,6,31,47.2,53.3,30,32.6,20.4,15.6,29.2,26.4,65.8,46.1,53.3,32.7,35.6,6.1,10.8,55.7,51.5,38.7,36.6,65.8413,,,,2024,,,,-20.947744236505,64.2,69.7
Belmont,109.409,102.184,0.686908,20-13,19,32,55,51.1,30.3,27,16.7,16.4,21,27.5,71.9,54.5,52.2,37.2,33,7.9,8.6,55.3,54.3,41.9,39.8,71.2775,,,,2024,,,,-5.316214558212,73.2,72
Siena,90.2556,112.576,0.0730138,4-28,4,32,44.7,51.8,30.8,28,23.4,14.8,33.2,31.2,67.1,46.1,51.3,28,35.2,10.3,9.3,48.7,50.1,34.3,34.1,66.0988,,,,2024,,,,-23.786336485268,66.6,72.7
"Southern Utah",104.203,111.307,0.318991,10-21,8,29,48.4,52.6,36.2,32.2,16.9,17,27.9,33,70.8,50.8,53,29.4,34.3,6.9,8.9,46,46.3,35,27.2,69.6294,,,,2024,,,,-15.250407470395,72.8,71.4
Pittsburgh,116.369,98.8156,0.867649,22-11,22,33,51.6,49,30.5,30.5,13.4,16.6,31,23.8,67,50,50.8,35.7,30.8,13,10.3,51.8,51.5,44.4,38.6,65.9203,,,,2024,,,,0.43473224561583,70.8,76
Montana,110,109.98,0.500499,24-12,21,33,54.7,50.7,28.8,34.4,15.1,14,25.3,26.8,66.4,55.2,50.5,35.9,34.2,7.5,8.6,51.9,43,37.6,31.8,66.1336,,,,2024,,,,-5.9826215252541,79.8,71.6
"LIU Brooklyn",93.0586,111.129,0.114979,7-22,7,29,46.4,50.8,31.5,41.1,20.1,15.8,25.5,28.5,71.3,46.3,53,31,31.1,7.8,10.2,51.4,54.8,29.9,34.3,70.4368,,,,2024,,,,-18.344338611074,67.7,69.1
Massachusetts,111.102,102.241,0.722287,20-11,20,31,50.6,48.5,35.8,38.6,16,18.9,36.5,30.1,69.2,52.6,47.5,31.3,33.5,8.6,8,56.3,55.1,35.1,38.4,68.4219,,,,2024,,,,-4.7629566029599,69.9,72.1
"Mount St. Mary's",102.099,107.076,0.366472,13-19,13,32,53.2,49.3,26.7,30.3,20.7,18,30.2,27.9,69.4,53.3,48,35.2,34.6,10.1,7.4,48.3,49.6,33.3,34.8,69.0579,,,,2024,,,,-14.986730222039,72.5,75.7
Bryant,100.124,100.95,0.476388,20-13,18,31,50.7,45.4,29.9,33.8,15.8,16.7,20.4,30.2,75.4,51.7,45,32.7,30.8,14.8,8.5,50.8,46.6,37.7,35.1,74.2816,,,,2024,,,,-7.3584444075359,66.5,69.9
Syracuse,111.894,100.776,0.769145,20-12,19,31,51.3,52.8,34.1,26.6,15.9,20.1,24.1,31.8,71.9,51.9,53.2,33.4,34.7,10.4,7.4,49.7,50.3,33.7,37,70.857,,,,2024,,,,-0.0521166676291,72.1,72.6
"Jacksonville St.",101.3,105.041,0.39724,14-18,11,29,48.2,50.5,37.2,34.9,20.3,18.2,33.8,25.3,66.2,48.3,49.4,32.2,34.9,11.2,7.7,42.9,46.7,28.3,36.2,64.7086,,,,2024,,,,-13.068764727103,69.1,70.8
"McNeese St.",110.891,101.546,0.733487,30-4,26,30,54.2,48.3,40.1,33.7,14,22.9,31.9,30.6,66.9,52.2,46.6,38.7,33.4,12.5,8.8,51.5,58.6,33.5,47.6,65.5507,,,,2024,,,,0.58112614148755,69.6,71.6
Quinnipiac,105.035,105.108,0.498003,24-10,23,33,50.3,48.9,30.4,28.9,17.1,17.7,31.6,28.1,71.5,49.6,47.7,34.5,33.9,9,10,50.9,51.2,34.2,36.7,71.2019,,,,2024,,,,-5.4520441634738,77.2,70.6
"Rhode Island",106.143,109.262,0.417493,12-20,11,31,51.5,52.6,39.4,30,18.5,13.1,29.1,28.2,69,51.1,52,34.9,35.7,8.1,12.1,49.6,53.7,33.4,39.5,68.7684,,,,2024,,,,-12.201621004537,64.7,67
"High Point",114.438,109.25,0.630312,27-8,25,33,52.6,50.1,43.3,37.2,16.1,13.9,36.8,25.7,69,54.1,49.6,33.5,34.3,8.2,8.2,41,44.6,39.4,31.6,68.779,,,,2024,,,,-4.269227436011,78.4,72.2
Radford,107.521,111.279,0.4025,16-17,14,31,50.8,50.9,28,31.7,16.2,15.8,30.7,34,65.1,49.4,52.4,35.7,32.4,9.8,7.1,41.1,47.1,34.2,39.7,63.6748,,,,2024,,,,-11.143546041891,73.3,71
"East Tennessee St.",102.12,103.762,0.454272,19-16,17,33,46.9,50.9,33.9,36.7,18.1,18.8,35.1,29.4,68.2,47.1,51.2,31.2,33.7,13.5,9.4,45.5,47.4,40.9,38.5,67.0318,,,,2024,,,,-9.8083882933292,67.2,69.4
Duquesne,106.879,96.8304,0.75684,25-12,24,36,50,48.5,32.5,35,17.4,19.2,29.8,30.3,66.7,49.4,49,33.9,31.8,12.6,10.9,53.8,52.7,39.1,37.4,66.1734,,,,2024,,,,-2.0349731711037,71.6,71.1
"Virginia Tech",115.675,101.298,0.821467,19-15,19,34,53.8,51,33,30.2,16.2,16.9,25,26.2,68.1,54.8,51.1,34.8,33.8,6.5,9.3,57.8,49.3,41.6,33.9,67.921,,,,2024,,,,-2.2578220092633,79.3,73.6
VCU,108.772,98.3441,0.761147,24-13,24,37,52.2,46.5,35.3,34.6,18.2,16.7,28.1,26.9,66,51.1,46.6,35.8,31,12.7,7.4,57,48.3,44.2,38.5,65.4322,,,,2024,,,,-4.1059742515186,78.2,73.7
"North Dakota St.",103.191,111.07,0.300253,15-17,12,29,53.3,53.7,30.3,28.5,16.8,13.2,24.3,24.7,66,51.4,52.8,37.7,36.8,3.2,10.6,42.4,42.1,35.9,34.7,65.7839,,,,2024,,,,-12.032296547249,72.5,74
"Northwestern St.",97.0751,111.095,0.174894,9-23,7,30,47.7,51.9,36.7,41.4,19.3,18.5,29.8,34.1,68.8,48,53.8,31.3,32.6,8.5,11.7,45.5,50.6,34.4,37.2,67.6255,,,,2024,,,,-18.536932517422,66.2,70.2
Fairfield,107.769,109.874,0.444603,24-12,23,35,52.3,52.4,28.9,25.8,15.4,20.3,28.1,30.8,68.9,50.5,53.1,36.5,34,5.6,8.6,49.4,50.6,41.9,36.7,68.4263,,,,2024,,,,-8.131884911831,75.7,70.2
Arkansas,109.9,102.816,0.682702,16-17,16,33,50.5,50.4,45.3,39,16.3,15.1,25.2,29.8,72.2,51.8,50.1,31.8,33.9,14.9,7.5,45.1,47,32.9,34.1,70.7586,,,,2024,,,,-4.9381416526191,75.6,72.7
"Cal St. Bakersfield",100.036,106.469,0.328113,13-19,11,30,47,50,32,46.7,18.3,18.6,32.9,31.2,65.7,46.6,49.1,32.1,34.3,10.4,7.4,41.5,51.5,25.7,36.7,64.8107,,,,2024,,,,-13.81080248155,72.4,72.8
"George Washington",106.289,109.685,0.410564,15-17,14,31,51.5,49.8,34.2,22.8,17.1,13.9,25.9,29.2,70.2,49.9,48.3,35.8,34.7,11.8,10.4,46.4,48.6,41.6,38.5,70.1593,,,,2024,,,,-10.170974433834,74.5,75.7
"UNC Asheville",106.148,106.905,0.479584,22-12,19,31,52.1,50.1,40.8,34.3,17.1,16.9,27.3,31.4,69.5,50.5,50.6,36.4,32.9,10.6,9.1,56.9,47.5,37.3,35.8,68.271,,,,2024,,,,-6.8071680534853,75.1,71.5
Dayton,116.664,100.344,0.849788,25-8,25,33,56.2,48.3,36.7,21.9,16,15.9,26.4,28.6,64.8,53.4,48.5,39.9,32,11.1,10.1,58.1,51.1,44.3,40.1,64.2047,,,,2024,,,,2.3590425236704,74,72.8
"Stephen F. Austin",100.173,102.228,0.441879,18-15,16,31,49.4,49.6,42.2,47.4,21.9,22.9,33.3,30.4,70.8,49.2,46,33.2,37.1,8.3,9.8,48.4,54.9,32.1,36.6,69.4228,,,,2024,,,,-9.5331199569108,70.5,72.2
"Arkansas St.",112.828,109.13,0.594653,20-17,20,37,51.5,50.5,32.9,34.8,15.9,14.2,34.5,28.8,70,51.4,49.7,34.4,35.2,10,11.9,52.5,40.3,42.8,26.9,68.0926,,,,2024,,,,-9.0245925159623,70.2,76.1
Army,90.6345,109.173,0.105256,10-22,8,30,47.1,50.3,25.4,31.6,18.9,16.6,27,25.5,63.2,46.5,50.6,31.8,33.2,11.4,10.2,56.3,55.9,45.1,39.5,63.1663,,,,2024,,,,-19.550407920477,59.8,70.6
"Southeast Missouri St.",90.5239,111.961,0.0798654,9-22,5,27,45.1,52,27,44.2,17.3,17.2,24,29.5,70.3,45.1,54,30,31.5,6.6,9.2,47.8,48.1,33.5,30.5,69.3472,,,,2024,,,,-18.309095457779,68.4,71
Binghamton,101.632,110.245,0.281813,15-15,13,28,49.4,50,34.3,34.8,18,13.3,29.1,25,68.2,51.4,48.4,29.9,35,10,11.7,54.7,43.8,30.7,38,66.6676,,,,2024,,,,-10.719784293422,67.4,73.3
"George Mason",108.93,100.566,0.714787,20-12,19,31,52,48,36.7,31.8,18.1,16.4,31.7,27.4,64.8,52.3,45,34.3,34.8,10.2,10.7,46.7,50.7,37.5,41.6,63.9306,,,,2024,,,,-4.7518064292108,74.2,72.4
"Old Dominion",97.9666,108.273,0.240421,7-25,6,31,47.6,51.3,27.1,39.7,15,18,25.2,31.2,71.2,47.5,50,31.8,35.5,11.1,10,38.8,57,35.1,42,69.9167,,,,2024,,,,-19.482573202402,66.2,72.3
"Green Bay",101.939,109.178,0.312406,18-14,16,30,52.4,49.4,29.4,34.2,18.6,14,27.3,28.4,64.9,53.7,51.6,34,30.2,5.9,14.8,52.1,50.8,48.2,35.3,63.6905,,,,2024,,,,-9.1527904680824,72.7,72.7
"UNC Greensboro",108.959,106.591,0.562816,21-11,19,30,53.2,49.5,27.3,35.8,16.3,17.7,29.3,30.5,66.3,49.2,48,38.9,34.3,8,8.5,54.2,48,44,44.2,64.8548,,,,2024,,,,-5.6452033713457,73.1,74.2
"Little Rock",105.808,106.971,0.468589,21-13,21,34,52.6,48.2,32.8,35.4,17.5,17.8,31.9,30,69.9,53,48.1,34.5,32.3,12.8,7.2,52.5,48,31.1,38.4,69.018,,,,2024,,,,-9.634132023829,74.8,74.1
Detroit,96.7807,116.122,0.109559,1-31,1,32,47.3,55.9,30.3,31.9,19.4,17.3,25.9,35.2,68.1,50.4,56.1,28.1,37.1,6.6,8.5,45.2,52.3,36.9,37.2,67.1911,,,,2024,,,,-24.801778196506,73.5,78
"Austin Peay",107.142,114.947,0.308187,19-16,16,32,50.4,53.1,31.9,37.9,13.3,16.6,29.9,31.6,65.6,48.8,54.4,35.5,34,7.2,9.2,39.8,45.9,35.1,35.7,64.6167,,,,2024,,,,-10.538422614641,71.3,70.9
Rutgers,98.1835,91.8514,0.682798,15-17,15,32,43.5,47.2,32.9,34.3,16.6,21.7,30.2,31.3,68.6,43.7,46,28.7,32.7,15.3,10.1,50.1,54.7,31.7,39.4,67.921,,,,2024,,,,-3.8683548625553,65.8,70
"Nicholls St.",103.567,109.827,0.337389,20-14,17,31,51.5,49.8,37.6,39.4,19,16.4,27.6,32.2,67.5,48.9,50.7,36.8,32.1,10.7,11.5,46,50.7,40.3,36.3,66.3282,,,,2024,,,,-8.2554406443858,72.7,68.5
"Sacramento St.",97.7528,109.909,0.206207,10-24,8,32,48.7,54.1,32.9,32.7,22.8,15.6,34.1,25.8,64.8,48.7,55.1,32.4,35,8,9.9,53.9,52.9,41.2,38.6,64.0766,,,,2024,,,,-19.189258884669,71.9,72.6
"William & Mary",99.8439,112.477,0.202606,10-23,8,31,48.3,52.2,31.9,34.9,16.3,14.4,27.4,29.1,66.4,48.6,52.5,32.1,34.5,4.8,13.6,50.4,46.2,47.7,36.5,65.98,,,,2024,,,,-18.732203496669,69.8,74.5
Colgate,102.754,102.823,0.498059,25-10,24,34,53.3,47.9,27.5,24.5,16.2,16.2,25.1,24.8,66,53.4,49.1,35.5,30.8,9.8,7.2,56.2,52.8,38.1,40,66.2929,,,,2024,,,,-4.2139605234651,68.1,67.2
USC,110.457,99.0726,0.777454,15-18,15,33,51.7,50.2,33.6,31.6,17.9,18.8,29,32.2,69.7,50.7,47.4,35.5,36.5,14.2,9.4,59.1,59.5,36.7,38.8,68.2791,,,,2024,,,,-5.1063633319673,69.3,73.8
Merrimack,95.7511,100.008,0.377491,21-12,19,31,49.8,46.2,34.3,32.5,19,23.2,22.3,34.6,68.1,52.2,46.1,31.1,30.9,9.5,10.4,50.6,55.6,43.1,31.2,67.3161,,,,2024,,,,-7.7309971038205,73.2,70.1
UNLV,112.484,99.9322,0.795864,21-12,19,31,51.8,49.5,33.7,30.1,16.1,17.8,29.4,31.5,65.1,52.2,50.4,34,32,12.3,9.2,48.2,59.4,34.7,39.3,65.2909,,,,2024,,,,-2.6300839571925,73.4,75.3
"Illinois St.",102.243,104.814,0.429073,15-17,14,31,47.7,50.9,36.1,27.2,17.1,16.4,28.9,26,65.1,50.4,52.3,28.8,32.5,6.4,9.5,52.9,51.2,37.5,39.6,63.8357,,,,2024,,,,-10.148948649764,71.7,73.5
Manhattan,95.0487,112.102,0.130364,7-23,6,29,47.2,53.1,22.1,27.3,19.2,16.9,24.8,30.1,69.2,47.4,52.2,31.3,36.7,7.3,11,57.7,60.2,38.7,33.8,68.452,,,,2024,,,,-18.450558327273,72.2,73.6
Princeton,114.59,105.554,0.720019,24-5,22,27,54.6,52,28.3,25.1,12,16.9,23.9,24.7,65.6,56.5,53.5,35.2,33.2,4.5,9.7,52.5,49.5,50.5,39.1,65.2829,,,,2024,,,,0.98137321784254,80.1,72.5
Utah,113.851,97.7384,0.852562,21-14,21,35,54,48.6,27.8,25.8,16.2,14.2,27.9,26.1,70.9,53.9,47.3,36.1,34,10.6,8.3,59.3,51.2,40,35.7,69.8382,,,,2024,,,,-1.1525763722173,65.5,68.3
"Louisiana Tech",107.983,99.3567,0.722607,22-10,19,29,50.6,45.6,42,32,18.8,17.6,33.8,28,66.8,49,43,35.7,33.5,13.7,8.7,48.1,47,34.6,36.4,65.7728,,,,2024,,,,-4.4068691802506,70.1,71.9
"Youngstown St.",107.051,104.446,0.570359,22-10,18,28,50.4,49,29.3,30.7,15.5,16.5,33.9,28.7,70,52.2,47.9,31.9,34,11.9,8.1,51,53.8,42.2,35.7,68.9862,,,,2024,,,,-6.0003600035917,77,69.5
Jacksonville,98.6899,109.601,0.230418,16-17,13,30,48.7,52.3,36.3,40.4,19.2,17.4,34.6,30.7,67.6,47.7,51.5,33.8,35.7,8,9.3,41.3,52.2,33.1,40.9,65.8852,,,,2024,,,,-12.092172691158,70.6,71.1
"Tennessee St.",97.8651,108.093,0.241742,18-15,14,29,48.8,48.8,38.1,44.3,19.7,18.6,28.4,32,69.1,49.8,48.6,31.3,32.7,8.6,10.9,47.7,50.1,35.9,34.3,68.4003,,,,2024,,,,-11.414759183653,76.5,72.7
Stanford,110.057,102.606,0.691281,14-18,14,32,54.3,51.9,28.6,25.3,17.8,15.5,23.2,27.3,70.9,53.6,50.9,36.9,35.7,7.9,7.9,57.9,45.7,41.1,37.6,69.6804,,,,2024,,,,-7.0291371043053,72.8,68.5
Longwood,104.044,105.483,0.460617,21-14,18,32,49.1,51.9,39.5,36.2,18.3,19.4,36.3,25.9,67.8,48.4,51.4,34,35.1,7.1,7.4,48.2,49.4,28.4,39.6,66.8526,,,,2024,,,,-8.7217952554544,69.3,69.7
"Sacred Heart",101.225,111.432,0.248847,16-16,14,30,51.5,51.6,31.7,31.9,17.1,20.1,25.9,32.6,70.2,50.2,50.6,35.9,35.3,14.2,8.9,50.4,58.8,34.1,41.6,69.3335,,,,2024,,,,-12.764280317976,69.9,67.5
"Western Kentucky",105.399,101.709,0.601041,22-12,19,31,51.7,48.6,32.1,33,18.4,18.4,28.8,26.7,75.4,51.8,48.6,34.3,32.4,8.6,10.2,45,49,31.1,40.5,75.1259,,,,2024,,,,-6.663286121597,72.1,68.2
"UT Arlington",108.982,103.432,0.645889,20-14,18,32,52.1,49,39,42,21.5,18.6,32.8,29.4,72,51.3,47.4,35.4,34.6,10.6,11.1,59.7,54.4,42.8,35.5,70.8931,,,,2024,,,,-6.3949440529225,73.8,74.5
Fordham,100.542,102.151,0.454459,13-20,13,33,46.7,50.4,35.1,45.2,18.2,19.7,32.5,27.4,69.3,46.2,48.9,31.5,35.9,12.4,11,52.3,50.1,42.1,31,68.9174,,,,2024,,,,-12.534942468346,66.3,71.6
"Alabama St.",92.2855,104.853,0.187211,13-19,10,29,41,49.1,28.5,43.4,16.3,20,31.7,29.1,69.1,40.4,47.6,28,34.1,11.1,12.5,44.4,53.3,38.4,41,67.2553,,,,2024,,,,-13.822997617005,71.9,73.4
"Wichita St.",104.856,101.602,0.589648,15-19,14,33,49.8,48.5,26.4,28.3,17.8,14.8,31.8,28.7,69.4,49.9,48.1,33,32.7,10.8,9.1,44.2,52.5,31.5,37.8,68.2272,,,,2024,,,,-11.320275466229,69.3,72.9
Oakland,108.676,104.41,0.613152,24-12,24,36,51.9,50.6,30.8,26.9,15.9,16.2,30.4,28.8,68,51,50.5,35.5,33.9,7.8,8.5,53.5,62.6,41.4,40.9,66.6106,,,,2024,,,,-4.2453339428631,75.1,73.5
"Boise St.",113.756,97.5134,0.854675,22-11,20,31,51,49.8,35.1,33.1,16.4,16.9,32.9,23.1,66.4,50.8,52.1,34.2,30.5,6.8,11.1,46,47.8,39.4,36.7,66.5048,,,,2024,,,,0.84333339861503,74.1,72.7
